Date,Open,High,Low,Close,Adj Close,Volume,ChangeStock,wtAVG
2019-03-01,10842.65039,10877.90039,10823.09961,10863.5,10863.5,308500,20.84961,0.492686509
2019-03-05,10864.84961,10994.90039,10817,10987.4502,10987.4502,373200,122.60059,0.500842821
2019-03-06,11024.84961,11062.29981,10998.84961,11053,11053,372600,28.15039,0.500640129
2019-03-07,11077.9502,11089.04981,11027.09961,11058.2002,11058.2002,321200,-19.75,0.501778975
2019-03-08,11038.84961,11049,11008.9502,11035.40039,11035.40039,326600,-3.44922,0.498170108
2019-03-11,11068.75,11180.90039,11059.84961,11168.04981,11168.04981,352200,99.29981,0.497842994
2019-03-12,11231.34961,11320.40039,11227,11301.2002,11301.2002,391300,69.85059,0.499061179
2019-03-13,11326.2002,11352.29981,11276.59961,11341.7002,11341.7002,383000,15.5,0.497197516
2019-03-14,11382.5,11383.4502,11313.75,11343.25,11343.25,294500,-39.25,0.497484978
2019-03-15,11376.84961,11487,11370.79981,11426.84961,11426.84961,463700,50,0.500200735
2019-03-18,11473.84961,11530.15039,11412.5,11462.2002,11462.2002,320300,-11.64941,0.496597132
2019-03-19,11500.29981,11543.84961,11451.25,11532.40039,11532.40039,326100,32.10058,0.499745511
2019-03-20,11553.34961,11556.09961,11503.09961,11521.04981,11521.04981,366300,-32.2998,0.504809931
2019-03-22,11549.2002,11572.79981,11434.54981,11456.90039,11456.90039,386200,-92.29981,0.492289679
2019-03-25,11395.65039,11395.65039,11311.59961,11354.25,11354.25,294500,-41.40039,0.488627339
2019-03-26,11375.2002,11496.75,11352.4502,11483.25,11483.25,282600,108.0498,0.493688152
2019-03-27,11531.4502,11546.2002,11413,11445.04981,11445.04981,350400,-86.40039,0.491138873
2019-03-28,11463.65039,11588.5,11452.4502,11570,11570,527700,106.34961,0.492483546
2019-04-01,11665.2002,11738.09961,11644.75,11669.15039,11669.15039,379600,3.95019,0.487300808
2019-04-02,11711.54981,11729.34961,11655.84961,11713.2002,11713.2002,386100,1.65039,0.492555234
2019-04-03,11735.29981,11761,11629.15039,11643.9502,11643.9502,365800,-91.34961,0.491444724
2019-04-04,11660.2002,11662.54981,11559.2002,11598,11598,349000,-62.2002,0.493655634
2019-04-05,11638.40039,11689.65039,11609.5,11665.9502,11665.9502,266700,27.54981,0.49152598
2019-04-08,11704.34961,11710.29981,11549.09961,11604.5,11604.5,260900,-99.84961,0.500091482
2019-04-09,11612.04981,11683.90039,11569.7002,11671.9502,11671.9502,300500,59.90039,0.5003831
2019-04-10,11646.84961,11680.04981,11571.75,11584.29981,11584.29981,359900,-62.5498,0.499939993
2019-04-11,11592.54981,11606.7002,11550.54981,11596.7002,11596.7002,279800,4.15039,0.495290626
2019-04-12,11612.84961,11657.34961,11578.79981,11643.4502,11643.4502,246000,30.60059,0.50287576
2019-04-15,11667,11704.59961,11648.25,11690.34961,11690.34961,290000,23.34961,0.502631917
2019-04-16,11736.2002,11810.9502,11731.54981,11787.15039,11787.15039,354300,50.95019,0.501399005
2019-04-18,11856.15039,11856.15039,11738.5,11752.79981,11752.79981,339700,-103.35058,0.496726025
2019-04-22,11727.04981,11727.04981,11583.9502,11594.4502,11594.4502,260400,-132.59961,0.495817944
2019-04-23,11612.9502,11645.9502,11564.79981,11575.9502,11575.9502,272500,-37,0.495452042
2019-04-24,11601.5,11740.84961,11578.84961,11726.15039,11726.15039,335200,124.65039,0.494961888
2019-04-25,11735.7002,11796.75,11624.29981,11641.79981,11641.79981,604400,-93.90039,0.494361885
2019-04-26,11683.75,11762.90039,11661.75,11754.65039,11754.65039,333500,70.90039,0.497135272
2019-04-30,11748.75,11756.25,11655.90039,11748.15039,11748.15039,532600,-0.59961,0.495846222
2019-05-02,11725.54981,11789.29981,11699.54981,11724.75,11724.75,380300,-0.79981,0.496495504
2019-05-03,11722.59961,11770.90039,11699.34961,11712.25,11712.25,305500,-10.34961,0.511779502
2019-05-06,11605.79981,11632.54981,11571.34961,11598.25,11598.25,299000,-7.54981,0.51129698
2019-05-07,11651.5,11657.04981,11484.4502,11497.90039,11497.90039,337500,-153.59961,0.511884447
2019-05-08,11478.7002,11479.09961,11346.9502,11359.4502,11359.4502,372800,-119.25,0.510776562
2019-05-09,11322.40039,11357.59961,11255.04981,11301.79981,11301.79981,373000,-20.60058,0.510124986
2019-05-10,11314.15039,11345.79981,11251.04981,11278.90039,11278.90039,387300,-35.25,0.509101227
2019-05-13,11258.7002,11300.2002,11125.59961,11148.2002,11148.2002,357600,-110.5,0.508803658
2019-05-14,11151.65039,11294.75,11108.29981,11222.04981,11222.04981,398100,70.39942,0.507426569
2019-05-15,11271.7002,11286.79981,11136.9502,11157,11157,414200,-114.7002,0.506533256
2019-05-16,11180.34961,11281.54981,11143.34961,11257.09961,11257.09961,350700,76.75,0.505980444
2019-05-17,11261.90039,11426.15039,11259.84961,11407.15039,11407.15039,412100,145.25,0.509313543
2019-05-20,11651.90039,11845.2002,11591.7002,11828.25,11828.25,452100,176.34961,0.508904343
2019-05-21,11863.65039,11883.54981,11682.79981,11709.09961,11709.09961,381000,-154.55078,0.505887249
2019-05-22,11727.9502,11784.79981,11682.40039,11737.90039,11737.90039,355900,9.95019,0.506098479
2019-05-23,11901.29981,12041.15039,11614.5,11657.04981,11657.04981,569000,-244.25,0.502435614
2019-05-24,11748,11859,11658.09961,11844.09961,11844.09961,374600,96.09961,0.50735464
2019-05-27,11855.5,11957.15039,11812.40039,11924.75,11924.75,348400,69.25,0.504978192
2019-05-28,11958.34961,11958.54981,11864.90039,11928.75,11928.75,598300,-29.59961,0.502745536
2019-05-29,11905.79981,11931.90039,11836.79981,11861.09961,11861.09961,318100,-44.7002,0.499768089
2019-05-30,11865.29981,11968.54981,11859.40039,11945.90039,11945.90039,421200,80.60058,0.500369064
2019-05-31,11999.79981,12039.25,11829.4502,11922.79981,11922.79981,438900,-77,0.493545934
2019-06-03,11953.75,12103.04981,11920.09961,12088.54981,12088.54981,315300,134.79981,0.492780324
2019-06-04,12052.65039,12095.2002,12005.84961,12021.65039,12021.65039,289200,-31,0.493767387
2019-06-06,12039.79981,12039.79981,11830.25,11843.75,11843.75,415200,-196.04981,0.489532268
2019-06-07,11865.2002,11897.5,11769.5,11870.65039,11870.65039,302500,5.45019,0.499744246
2019-06-10,11934.90039,11975.04981,11871.75,11922.7002,11922.7002,303300,-12.20019,0.497542978
2019-06-11,11959.84961,12000.34961,11904.34961,11965.59961,11965.59961,332200,5.75,0.497039905
2019-06-12,11962.4502,11962.4502,11866.34961,11906.2002,11906.2002,283700,-56.25,0.494210055
2019-06-13,11873.90039,11931.34961,11817.04981,11914.04981,11914.04981,447900,40.14942,0.493272335
2019-06-14,11910.09961,11911.84961,11797.7002,11823.29981,11823.29981,390300,-86.7998,0.503284028
2019-06-17,11844,11844.04981,11657.75,11672.15039,11672.15039,295500,-171.84961,0.49545017
2019-06-18,11677.04981,11727.2002,11641.15039,11691.5,11691.5,365500,14.45019,0.495801439
2019-06-19,11744.4502,11802.5,11625.09961,11691.4502,11691.4502,446900,-53,0.492038702
2019-06-20,11653.65039,11843.5,11635.04981,11831.75,11831.75,442000,178.09961,0.488734203
2019-06-21,11827.59961,11827.9502,11705.09961,11724.09961,11724.09961,468400,-103.5,0.509361649
2019-06-24,11725.79981,11754,11670.2002,11699.65039,11699.65039,277600,-26.14942,0.500534757
2019-06-25,11681,11814.40039,11651,11796.4502,11796.4502,300500,115.4502,0.497832038
2019-06-26,11768.15039,11871.84961,11757.54981,11847.54981,11847.54981,327900,79.39942,0.495428224
2019-06-27,11860.84961,11911.15039,11821.04981,11841.54981,11841.54981,480200,-19.2998,0.492667037
2019-06-28,11861.15039,11871.7002,11775.5,11788.84961,11788.84961,303900,-72.30078,0.489850248
2019-07-01,11839.90039,11884.65039,11830.79981,11865.59961,11865.59961,278400,25.69922,0.490632066
2019-07-02,11890.29981,11917.4502,11814.7002,11910.29981,11910.29981,363200,20,0.492830997
2019-07-03,11932.15039,11945.2002,11887.04981,11916.75,11916.75,340500,-15.40039,0.493602426
2019-07-04,11928.79981,11969.25,11923.65039,11946.75,11946.75,333600,17.95019,0.494167275
2019-07-05,11964.75,11981.75,11797.90039,11811.15039,11811.15039,530700,-153.59961,0.494410564
2019-07-08,11770.40039,11771.90039,11523.29981,11558.59961,11558.59961,464000,-211.80078,0.49792298
2019-07-09,11531.59961,11582.54981,11461,11555.90039,11555.90039,442500,24.30078,0.505326241
2019-07-10,11536.15039,11593.7002,11475.65039,11498.90039,11498.90039,337600,-37.25,0.509160131
2019-07-11,11561.4502,11599,11519.5,11582.90039,11582.90039,317300,21.45019,0.510890548
2019-07-12,11601.15039,11639.54981,11538.59961,11552.5,11552.5,359400,-48.65039,0.51508266
2019-07-15,11614.75,11618.40039,11532.29981,11588.34961,11588.34961,368800,-26.40039,0.520620374
2019-07-16,11596.65039,11670.04981,11573.9502,11662.59961,11662.59961,480200,65.94922,0.520344606
2019-07-17,11670.75,11706.65039,11651.15039,11687.5,11687.5,464800,16.75,0.519126389
2019-07-18,11675.59961,11677.15039,11582.40039,11596.90039,11596.90039,498300,-78.69922,0.518314794
2019-07-19,11627.9502,11640.34961,11399.29981,11419.25,11419.25,446000,-208.7002,0.516662452
2019-07-22,11392.84961,11398.15039,11301.25,11346.2002,11346.2002,516000,-46.64941,0.516671971
2019-07-23,11372.25,11398.15039,11302.79981,11331.04981,11331.04981,458900,-41.20019,0.517607118
2019-07-24,11322.4502,11359.75,11229.79981,11271.29981,11271.29981,413200,-51.15039,0.514372018
2019-07-25,11290.40039,11361.40039,11239.34961,11252.15039,11252.15039,553700,-38.25,0.515321166
2019-07-26,11247.4502,11307.59961,11210.04981,11284.29981,11284.29981,522700,36.84961,0.513511845
2019-07-29,11307.5,11310.9502,11152.40039,11189.2002,11189.2002,482900,-118.2998,0.514762911
2019-07-30,11213.7002,11267.4502,11072.65039,11085.40039,11085.40039,479100,-128.29981,0.515067113
2019-07-31,11034.04981,11145.29981,10999.40039,11118,11118,536700,83.95019,0.511543606
2019-08-01,11060.2002,11076.75,10881,10980,10980,499900,-80.2002,0.511894052
2019-08-02,10930.29981,11080.15039,10848.9502,10997.34961,10997.34961,547400,67.0498,0.51648484
2019-08-05,10895.79981,10895.79981,10782.59961,10862.59961,10862.59961,506600,-33.2002,0.520434816
2019-08-06,10815.40039,11018.54981,10813.79981,10948.25,10948.25,517900,132.84961,0.516950017
2019-08-07,10958.09961,10975.65039,10835.90039,10855.5,10855.5,548500,-102.59961,0.516781516
2019-08-08,10899.2002,11058.04981,10842.9502,11032.4502,11032.4502,482500,133.25,0.51683945
2019-08-09,11087.90039,11181.4502,11062.79981,11109.65039,11109.65039,538100,21.75,0.520691146
2019-08-13,11139.40039,11145.90039,10901.59961,10925.84961,10925.84961,624600,-213.55078,0.518566678
2019-08-14,11003.25,11078.15039,10935.59961,11029.40039,11029.40039,511500,26.15039,0.520107279
2019-08-16,11043.65039,11068.65039,10924.29981,11047.79981,11047.79981,470900,4.14942,0.520563543
2019-08-19,11094.79981,11146.90039,11037.84961,11053.90039,11053.90039,369500,-40.89942,0.520994106
2019-08-20,11063.90039,11076.29981,10985.29981,11017,11017,444700,-46.90039,0.521419996
2019-08-21,11018.15039,11034.2002,10906.65039,10918.7002,10918.7002,557900,-99.45019,0.517757908
2019-08-22,10905.29981,10908.25,10718.29981,10741.34961,10741.34961,668200,-163.9502,0.517426769
2019-08-23,10699.59961,10862.54981,10637.15039,10829.34961,10829.34961,667100,129.75,0.523365528
2019-08-26,11000.29981,11070.29981,10756.54981,11057.84961,11057.84961,684100,57.5498,0.517370137
2019-08-27,11106.54981,11141.75,11049.5,11105.34961,11105.34961,685600,-1.2002,0.51611046
2019-08-28,11101.29981,11129.65039,10987.65039,11046.09961,11046.09961,550000,-55.2002,0.516107203
2019-08-29,10996.04981,11021.09961,10922.40039,10948.29981,10948.29981,649900,-47.75,0.517021617
2019-08-30,10987.79981,11042.59961,10874.79981,11023.25,11023.25,628200,35.45019,0.516309843
2019-09-03,10960.9502,10967.5,10772.7002,10797.90039,10797.90039,483000,-163.04981,0.514661514
2019-09-04,10790.40039,10858.75,10746.34961,10844.65039,10844.65039,508800,54.25,0.513317395
2019-09-05,10860.9502,10920.09961,10816,10847.90039,10847.90039,595700,-13.04981,0.518219698
2019-09-06,10883.79981,10957.04981,10867.4502,10946.2002,10946.2002,497200,62.40039,0.511388157
2019-09-09,10936.7002,11028.84961,10889.79981,11003.04981,11003.04981,412500,66.34961,0.50952519
2019-09-11,11028.5,11054.79981,11011.65039,11035.7002,11035.7002,687100,7.2002,0.509804803
2019-09-12,11058.29981,11081.75,10964.9502,10982.79981,10982.79981,551400,-75.5,0.51011502
2019-09-13,10986.79981,11084.4502,10945.75,11075.90039,11075.90039,624300,89.10058,0.506162035
2019-09-16,10994.84961,11052.7002,10968.2002,11003.5,11003.5,434500,8.65039,0.50840609
2019-09-17,11000.09961,11000.09961,10796.5,10817.59961,10817.59961,482000,-182.5,0.509136792
2019-09-18,10872.79981,10885.15039,10804.84961,10840.65039,10840.65039,519200,-32.14942,0.503524561
2019-09-19,10845.2002,10845.2002,10670.25,10704.79981,10704.79981,642600,-140.40039,0.501984951
2019-09-20,10746.79981,11381.90039,10691,11274.2002,11274.2002,1356800,527.40039,0.499935294
2019-09-23,11542.7002,11694.84961,11471.34961,11600.2002,11600.2002,882800,57.5,0.500880432
2019-09-24,11590.7002,11655.04981,11539.2002,11588.2002,11588.2002,651700,-2.5,0.498371244
2019-09-25,11564.84961,11564.9502,11416.09961,11440.2002,11440.2002,629100,-124.64941,0.500178049
2019-09-26,11469.84961,11610.84961,11466.34961,11571.2002,11571.2002,844500,101.35059,0.49924695
2019-09-27,11556.34961,11593.59961,11499.75,11512.40039,11512.40039,650000,-43.94922,0.500398409
2019-09-30,11491.15039,11508.25,11390.79981,11474.4502,11474.4502,756800,-16.70019,0.506081009
2019-10-01,11515.40039,11554.2002,11247.90039,11359.90039,11359.90039,1305400,-155.5,0.51072672
2019-10-03,11322.25,11370.40039,11257.34961,11314,11314,1017500,-8.25,0.50546735
2019-10-04,11388.4502,11400.29981,11158.34961,11174.75,11174.75,928500,-213.7002,0.502070119
2019-10-07,11196.2002,11233.84961,11112.65039,11126.40039,11126.40039,733200,-69.79981,0.505166862
2019-10-09,11152.9502,11321.59961,11090.15039,11313.29981,11313.29981,741100,160.34961,0.517430326
2019-10-10,11280.5,11293.34961,11208.54981,11234.54981,11234.54981,562000,-45.95019,0.507085869
2019-10-11,11257.7002,11362.90039,11189.40039,11305.04981,11305.04981,737800,47.34961,0.513411385
2019-10-14,11335.90039,11420.4502,11290.04981,11341.15039,11341.15039,587600,5.25,0.507244869
2019-10-15,11360.84961,11462.34961,11342.09961,11428.29981,11428.29981,527400,67.4502,0.50701043
2019-10-16,11464.9502,11481.04981,11411.09961,11464,11464,533500,-0.9502,0.509765026
2019-10-17,11466.29981,11599.09961,11439.65039,11586.34961,11586.34961,797600,120.0498,0.512321062
2019-10-18,11580.29981,11684.7002,11553.15039,11661.84961,11661.84961,853400,81.5498,0.50693375
2019-10-22,11657.15039,11714.34961,11573.65039,11588.34961,11588.34961,867600,-68.80078,0.507523143
2019-10-23,11596.2002,11651.59961,11554.40039,11604.09961,11604.09961,664200,7.89941,0.502164849
2019-10-24,11661.65039,11679.59961,11534.65039,11582.59961,11582.59961,700500,-79.05078,0.506909923
2019-10-25,11646.15039,11646.90039,11490.75,11583.90039,11583.90039,812000,-62.25,0.513982602
2019-10-29,11643.9502,11809.40039,11627.34961,11786.84961,11786.84961,951700,142.89941,0.513922175
2019-10-30,11883.90039,11883.9502,11784.4502,11844.09961,11844.09961,725200,-39.80078,0.507852821
2019-10-31,11890.4502,11945,11855.09961,11877.4502,11877.4502,1414800,-13,0.505581622
2019-11-01,11886.59961,11918.29981,11843.34961,11890.59961,11890.59961,855300,4,0.507359847
2019-11-04,11928.90039,11989.15039,11905.34961,11941.29981,11941.29981,823100,12.39942,0.510002496
2019-11-05,11974.59961,11978.9502,11861.90039,11917.2002,11917.2002,632000,-57.39941,0.504028131
2019-11-06,11911.5,12002.90039,11850.25,11966.04981,11966.04981,603400,54.54981,0.5081889
2019-11-07,12021.09961,12021.40039,11946.84961,12012.04981,12012.04981,563000,-9.0498,0.503877658
2019-11-08,11987.15039,12034.15039,11888.75,11908.15039,11908.15039,789300,-79,0.504777675
2019-11-11,11879.2002,11932.65039,11853.9502,11913.4502,11913.4502,549000,34.25,0.49683752
2019-11-13,11908.29981,11946.79981,11823.2002,11840.4502,11840.4502,659000,-67.84961,0.505708418
2019-11-14,11858.75,11895.65039,11802.65039,11872.09961,11872.09961,559500,13.34961,0.500322712
2019-11-15,11904.2002,11973.65039,11879.25,11895.4502,11895.4502,580200,-8.75,0.499423826
2019-11-18,11915.15039,11946.2002,11867.59961,11884.5,11884.5,514400,-30.65039,0.501264466
2019-11-19,11919.4502,11958.84961,11881.75,11940.09961,11940.09961,613900,20.64941,0.502012649
2019-11-20,12004.75,12038.59961,11966.04981,11999.09961,11999.09961,646700,-5.65039,0.499074372
2019-11-21,12025.65039,12028.2002,11956.90039,11968.40039,11968.40039,557700,-57.25,0.504048152
2019-11-22,11967.29981,11968.09961,11883.5,11914.40039,11914.40039,486800,-52.89942,0.501658822
2019-11-25,11922.4502,12084.5,11919.75,12073.75,12073.75,534300,151.2998,0.500322047
2019-11-26,12110.2002,12132.4502,12006.34961,12037.7002,12037.7002,1201300,-72.5,0.49902299
2019-11-27,12068.5,12114.90039,12055.15039,12100.7002,12100.7002,584200,32.2002,0.491805797
2019-11-28,12132.09961,12158.79981,12099.9502,12151.15039,12151.15039,620500,19.05078,0.490377736
2019-11-29,12146.2002,12147.40039,12017.40039,12056.04981,12056.04981,804400,-90.15039,0.491494723
2019-12-02,12137.04981,12137.15039,12023.7002,12048.2002,12048.2002,720900,-88.84961,0.483590823
2019-12-03,12067.65039,12068.59961,11956.40039,11994.2002,11994.2002,605800,-73.45019,0.50435361
2019-12-04,11969.9502,12054.7002,11935.29981,12043.2002,12043.2002,747200,73.25,0.49215987
2019-12-05,12071.25,12081.2002,11998.75,12018.40039,12018.40039,562200,-52.84961,0.493491508
2019-12-06,12047.34961,12057.04981,11888.84961,11921.5,11921.5,609200,-125.84961,0.49424938
2019-12-09,11939.09961,11981.9502,11888.04981,11937.5,11937.5,599100,-1.59961,0.490935512
2019-12-10,11950.5,11953.2002,11844.7002,11856.79981,11856.79981,650200,-93.70019,0.494501356
2019-12-11,11867.34961,11923.2002,11832.29981,11910.15039,11910.15039,997700,42.80078,0.495337402
2019-12-12,11944.29981,12005.5,11934,11971.79981,11971.79981,752600,27.5,0.494612869
2019-12-13,12026.40039,12098.84961,12023.59961,12086.7002,12086.7002,597700,60.29981,0.496275204
2019-12-16,12131.34961,12134.65039,12046.29981,12053.9502,12053.9502,437700,-77.39941,0.496641805
2019-12-17,12082.4502,12182.75,12070.34961,12165,12165,499600,82.5498,0.495695302
2019-12-18,12197,12237.7002,12163.4502,12221.65039,12221.65039,518900,24.65039,0.500220132
2019-12-19,12223.40039,12268.34961,12191.15039,12259.7002,12259.7002,623100,36.29981,0.500049671
2019-12-20,12266.4502,12293.90039,12252.75,12271.79981,12271.79981,810700,5.34961,0.499331311
2019-12-23,12235.4502,12287.15039,12213.25,12262.75,12262.75,604800,27.2998,0.502790229
2019-12-24,12269.25,12283.7002,12202.09961,12214.54981,12214.54981,470300,-54.70019,0.506449506
2019-12-26,12211.84961,12221.54981,12118.84961,12126.54981,12126.54981,520300,-85.2998,0.509013905
2019-12-27,12172.90039,12258.4502,12157.90039,12245.79981,12245.79981,383800,72.89942,0.507539803
2019-12-30,12274.90039,12286.4502,12213.79981,12255.84961,12255.84961,411100,-19.05078,0.517453724
2019-12-31,12247.09961,12247.09961,12151.79981,12168.4502,12168.4502,426900,-78.64941,0.52821684
2020-01-01,12202.15039,12222.2002,12165.29981,12182.5,12182.5,304100,-19.65039,0.521265583
2020-01-02,12198.54981,12289.90039,12195.25,12282.2002,12282.2002,407700,83.65039,0.5144349
2020-01-03,12261.09961,12265.59961,12191.34961,12226.65039,12226.65039,428800,-34.44922,0.515582505
2020-01-06,12170.59961,12179.09961,11974.2002,11993.04981,11993.04981,396500,-177.5498,0.515899927
2020-01-07,12079.09961,12152.15039,12005.34961,12052.9502,12052.9502,447800,-26.14941,0.516251471
2020-01-08,11939.09961,12044.9502,11929.59961,12025.34961,12025.34961,446000,86.25,0.517402506
2020-01-09,12153.15039,12224.04981,12132.54981,12215.90039,12215.90039,477500,62.75,0.515978989
2020-01-10,12271,12311.2002,12213.2002,12256.79981,12256.79981,660600,-14.20019,0.515908628
2020-01-13,12296.7002,12337.75,12285.79981,12329.54981,12329.54981,501000,32.84961,0.517991775
2020-01-14,12333.09961,12374.25,12308.7002,12362.29981,12362.29981,616300,29.2002,0.522661852
2020-01-15,12349.40039,12355.15039,12278.75,12343.29981,12343.29981,684400,-6.10058,0.520084357
2020-01-16,12347.09961,12389.04981,12315.79981,12355.5,12355.5,395700,8.40039,0.512985575
2020-01-17,12328.40039,12385.4502,12321.40039,12352.34961,12352.34961,502100,23.94922,0.514722712
2020-01-20,12430.5,12430.5,12216.90039,12224.54981,12224.54981,491600,-205.95019,0.515353662
2020-01-21,12195.29981,12230.04981,12162.29981,12169.84961,12169.84961,400,-25.4502,0.516917285
2020-01-22,12218.34961,12225.04981,12087.90039,12106.90039,12106.90039,500,-111.44922,0.517424853
2020-01-23,12123.75,12189,12094.09961,12180.34961,12180.34961,867700,56.59961,0.516656986
2020-01-24,12174.54981,12272.15039,12149.65039,12248.25,12248.25,593200,73.70019,0.516108878
2020-01-27,12197.09961,12216.59961,12107,12119,12119,441200,-78.09961,0.515276082
2020-01-28,12148.09961,12163.54981,12024.5,12055.79981,12055.79981,478500,-92.2998,0.508445456
2020-01-29,12114.90039,12169.59961,12103.79981,12129.5,12129.5,514400,14.59961,0.517858762
2020-01-30,12147.75,12150.29981,12010.59961,12035.79981,12035.79981,538100,-111.95019,0.523218962
2020-01-31,12100.40039,12103.54981,11945.84961,11962.09961,11962.09961,771300,-138.30078,0.521201464
2020-02-03,11627.4502,11749.84961,11614.5,11707.90039,11707.90039,669800,80.45019,0.509689514
2020-02-04,11786.25,11986.15039,11783.40039,11979.65039,11979.65039,560400,193.40039,0.508768692
2020-02-05,12005.84961,12098.15039,11953.34961,12089.15039,12089.15039,758000,83.30078,0.509578444
2020-02-06,12120,12160.59961,12084.65039,12137.9502,12137.9502,565100,17.9502,0.509240755
2020-02-07,12151.15039,12154.7002,12073.9502,12098.34961,12098.34961,473500,-52.80078,0.510663331
2020-02-10,12102.34961,12103.54981,11990.75,12031.5,12031.5,524700,-70.84961,0.503276155
2020-02-11,12108.40039,12172.29981,12099,12107.90039,12107.90039,480000,-0.5,0.508814853
2020-02-12,12151,12231.75,12144.29981,12201.2002,12201.2002,411700,50.2002,0.511910354
2020-02-13,12219.54981,12225.65039,12139.79981,12174.65039,12174.65039,501200,-44.89942,0.530000456
2020-02-14,12190.15039,12246.7002,12091.2002,12113.4502,12113.4502,622800,-76.70019,0.518274603
2020-02-17,12131.79981,12159.59961,12037,12045.79981,12045.79981,0,-86,0.509356627
2020-02-18,12028.25,12030.75,11908.04981,11992.5,11992.5,676900,-35.75,0.506935939
2020-02-19,12090.59961,12134.7002,12042.09961,12125.90039,12125.90039,513600,35.30078,0.50628083
2020-02-20,12119,12152,12071.4502,12080.84961,12080.84961,502600,-38.15039,0.483440537
2020-02-24,12012.54981,12012.54981,11813.40039,11829.40039,11829.40039,490800,-183.14942,0.503762278
2020-02-25,11877.5,11883.04981,11779.90039,11797.90039,11797.90039,461000,-79.59961,0.4962404
2020-02-26,11738.54981,11783.25,11639.59961,11678.5,11678.5,567600,-60.04981,0.502543966
2020-02-27,11661.25,11663.84961,11536.7002,11633.29981,11633.29981,608600,-27.95019,0.503087579
2020-02-28,11382,11384.79981,11175.04981,11201.75,11201.75,809900,-180.25,0.50818735
2020-03-02,11387.34961,11433,11036.25,11132.75,11132.75,680800,-254.59961,0.508955053
2020-03-03,11217.54981,11342.25,11152.54981,11303.29981,11303.29981,696500,85.75,0.510294791
2020-03-04,11351.34961,11356.59961,11082.15039,11251,11251,797700,-100.34961,0.512195939
2020-03-05,11306.04981,11389.5,11244.59961,11269,11269,1352500,-37.04981,0.518813816
2020-03-06,10942.65039,11035.09961,10827.40039,10989.4502,10989.4502,1811000,46.79981,0.51557334
2020-03-09,10742.04981,10751.54981,10294.4502,10451.4502,10451.4502,1565500,-290.59961,0.525746577
2020-03-11,10334.29981,10545.09961,10334,10458.40039,10458.40039,1218500,124.10058,0.520825691
2020-03-12,10039.9502,10040.75,9508,9590.150391,9590.150391,1343500,-449.799809,0.520573476
2020-03-13,9107.599609,10159.40039,8555.150391,9955.200195,9955.200195,1388000,847.600586,0.518054173
2020-03-16,9587.799805,9602.200195,9165.099609,9197.400391,9197.400391,897700,-390.399414,0.516911869
2020-03-17,9285.400391,9403.799805,8915.599609,8967.049805,8967.049805,935600,-318.350586,0.520519631
2020-03-18,9088.450195,9127.549805,8407.049805,8468.799805,8468.799805,1516600,-619.65039,0.52093349
2020-03-19,8063.299805,8575.450195,7832.549805,8263.450195,8263.450195,925700,200.15039,0.523698725
2020-03-20,8284.450195,8883,8178.200195,8745.450195,8745.450195,1071500,461,0.502568706
2020-03-23,7945.700195,8159.25,7583.600098,7610.25,7610.25,653500,-335.450195,0.506690709
2020-03-24,7848.299805,8036.950195,7511.100098,7801.049805,7801.049805,738400,-47.25,0.510961169
2020-03-25,7735.149902,8376.75,7714.75,8317.849609,8317.849609,736900,582.699707,0.516792304
2020-03-26,8451,8749.049805,8304.900391,8641.450195,8641.450195,865600,190.450195,0.520926017
2020-03-27,8949.099609,9038.900391,8522.900391,8660.25,8660.25,801500,-288.849609,0.522531826
2020-03-30,8385.950195,8576,8244,8281.099609,8281.099609,593300,-104.850586,0.517455818
2020-03-31,8529.349609,8678.299805,8358,8597.75,8597.75,712700,68.400391,0.527561053
2020-04-01,8584.099609,8588.099609,8198.349609,8253.799805,8253.799805,506300,-330.299804,0.528539634
2020-04-03,8356.549805,8356.549805,8055.799805,8083.799805,8083.799805,697000,-272.75,0.538146187
2020-04-07,8446.299805,8819.400391,8360.950195,8792.200195,8792.200195,814200,345.90039,0.532473333
2020-04-08,8688.900391,9131.700195,8653.900391,8748.75,8748.75,896500,59.849609,0.537487014
2020-04-09,8973.049805,9128.349609,8904.549805,9111.900391,9111.900391,742100,138.850586,0.533918121
2020-04-13,9103.950195,9112.049805,8912.400391,8993.849609,8993.849609,644000,-110.100586,0.526881346
2020-04-15,9196.400391,9261.200195,8874.099609,8925.299805,8925.299805,879100,-271.100586,0.525753185
2020-04-16,8851.25,9053.75,8821.900391,8992.799805,8992.799805,719400,141.549805,0.530451851
2020-04-17,9323.450195,9324,9091.349609,9266.75,9266.75,684200,-56.700195,0.529251918
2020-04-20,9390.200195,9390.849609,9230.799805,9261.849609,9261.849609,726400,-128.350586,0.526121626
2020-04-21,9016.950195,9044.400391,8909.400391,8981.450195,8981.450195,655100,-35.5,0.527948005
2020-04-22,9026.75,9209.75,8946.25,9187.299805,9187.299805,734400,160.549805,0.523835583
2020-04-23,9232.349609,9343.599609,9170.150391,9313.900391,9313.900391,666700,81.550782,0.528001023
2020-04-24,9163.900391,9296.900391,9141.299805,9154.400391,9154.400391,659400,-9.5,0.523074591
2020-04-27,9259.700195,9377.099609,9250.349609,9282.299805,9282.299805,512800,22.59961,0.53647792
2020-04-28,9389.799805,9404.400391,9260,9380.900391,9380.900391,614500,-8.899414,0.518827648
2020-04-29,9408.599609,9599.849609,9392.349609,9553.349609,9553.349609,653000,144.75,0.520510431
2020-04-30,9753.5,9889.049805,9731.5,9859.900391,9859.900391,931200,106.400391,0.522119501
2020-05-04,9533.5,9533.5,9266.950195,9293.5,9293.5,687500,-240,0.518024759
2020-05-05,9429.400391,9450.900391,9190.75,9205.599609,9205.599609,725200,-223.800782,0.515280885
2020-05-06,9226.799805,9346.900391,9116.5,9270.900391,9270.900391,722200,44.100586,0.515778911
2020-05-07,9234.049805,9277.849609,9175.900391,9199.049805,9199.049805,708700,-35,0.516572168
2020-05-08,9376.950195,9382.650391,9238.200195,9251.5,9251.5,609100,-125.450195,0.51977477
2020-05-11,9348.150391,9439.900391,9219.950195,9239.200195,9239.200195,704600,-108.950196,0.517604086
2020-05-12,9168.849609,9240.849609,9043.950195,9196.549805,9196.549805,805500,27.700196,0.518133508
2020-05-13,9584.200195,9584.5,9351.099609,9383.549805,9383.549805,846400,-200.65039,0.516789137
2020-05-14,9213.950195,9281.099609,9119.75,9142.75,9142.75,602600,-71.200195,0.515862507
2020-05-15,9182.400391,9182.400391,9050,9136.849609,9136.849609,575900,-45.550782,0.514751134
2020-05-18,9158.299805,9158.299805,8806.75,8823.25,8823.25,773000,-335.049805,0.512127614
2020-05-19,8961.700195,9030.349609,8855.299805,8879.099609,8879.099609,762200,-82.600586,0.509073057
2020-05-20,8889.150391,9093.799805,8875.349609,9066.549805,9066.549805,622300,177.399414,0.509828146
2020-05-21,9079.450195,9178.549805,9056.099609,9106.25,9106.25,631500,26.799805,0.50958645
2020-05-22,9067.900391,9149.599609,8968.549805,9039.25,9039.25,675800,-28.650391,0.500919525
2020-05-26,9099.75,9161.650391,8996.650391,9029.049805,9029.049805,655000,-70.700195,0.510619999
2020-05-27,9082.200195,9334,9004.25,9314.950195,9314.950195,763500,232.75,0.506018469
2020-05-28,9364.950195,9511.25,9336.5,9490.099609,9490.099609,837900,125.149414,0.508919835
2020-05-29,9422.200195,9598.849609,9376.900391,9580.299805,9580.299805,967000,158.09961,0.510530278
2020-06-01,9726.849609,9931.599609,9706.950195,9826.150391,9826.150391,794200,99.300782,0.512429982
2020-06-02,9880.849609,9995.599609,9824.049805,9979.099609,9979.099609,770200,98.25,0.506175786
2020-06-03,10108.29981,10176.2002,10035.54981,10061.54981,10061.54981,794700,-46.75,0.508983654
2020-06-04,10054.25,10123.84961,9944.25,10029.09961,10029.09961,775100,-25.15039,0.509649363
2020-06-05,10093.79981,10177.79981,10040.75,10142.15039,10142.15039,987100,48.35058,0.510447147
2020-06-08,10326.75,10328.5,10120.25,10167.4502,10167.4502,936500,-159.2998,0.513749388
2020-06-09,10181.15039,10291.15039,10021.4502,10046.65039,10046.65039,754200,-134.5,0.511694424
2020-06-10,10072.59961,10148.75,10036.84961,10116.15039,10116.15039,632400,43.55078,0.509958393
2020-06-11,10094.09961,10112.04981,9885.049805,9902,9902,715500,-192.09961,0.509820571
2020-06-12,9544.950195,9996.049805,9544.349609,9972.900391,9972.900391,796300,427.950196,0.509115381
2020-06-15,9919.349609,9943.349609,9726.349609,9813.700195,9813.700195,716100,-105.649414,0.496335167
2020-06-16,10014.79981,10046.15039,9728.5,9914,9914,899900,-100.79981,0.499457992
2020-06-17,9876.700195,10003.59961,9833.799805,9881.150391,9881.150391,685400,4.450196,0.500331312
2020-06-18,9863.25,10111.2002,9845.049805,10091.65039,10091.65039,622900,228.40039,0.501209111
2020-06-19,10119,10272.40039,10072.65039,10244.40039,10244.40039,892100,125.40039,0.497362438
2020-06-22,10318.75,10393.65039,10277.59961,10311.2002,10311.2002,685400,-7.5498,0.500584038
2020-06-23,10347.9502,10484.7002,10301.75,10471,10471,669200,123.0498,0.504816591
2020-06-24,10529.25,10553.15039,10281.9502,10305.29981,10305.29981,854800,-223.95019,0.504676614
2020-06-25,10235.54981,10361.79981,10194.5,10288.90039,10288.90039,994200,53.35058,0.506917816
2020-06-26,10378.90039,10409.84961,10311.25,10383,10383,671900,4.09961,0.506716088
2020-06-29,10311.9502,10337.9502,10223.59961,10312.40039,10312.40039,574500,0.45019,0.500102877
2020-06-30,10382.59961,10401.04981,10267.34961,10302.09961,10302.09961,556200,-80.5,0.502154694
2020-07-01,10323.79981,10447.04981,10299.59961,10430.04981,10430.04981,573600,106.25,0.502417408
2020-07-02,10493.04981,10598.2002,10485.54981,10551.7002,10551.7002,597400,58.65039,0.501410193
2020-07-03,10614.9502,10631.29981,10562.65039,10607.34961,10607.34961,525200,-7.60059,0.501753327
2020-07-06,10723.84961,10811.40039,10695.09961,10763.65039,10763.65039,571200,39.80078,0.504543729
2020-07-07,10802.84961,10813.79981,10689.7002,10799.65039,10799.65039,636800,-3.19922,0.497012641
2020-07-08,10818.65039,10847.84961,10676.54981,10705.75,10705.75,767900,-112.90039,0.500265988
2020-07-09,10755.54981,10836.84961,10733,10813.4502,10813.4502,618700,57.90039,0.502400846
2020-07-10,10764.09961,10819.40039,10713,10768.04981,10768.04981,590700,3.9502,0.49716041
2020-07-13,10851.84961,10894.04981,10756.04981,10802.7002,10802.7002,554100,-49.14941,0.496915291
2020-07-14,10750.84961,10755.65039,10562.90039,10607.34961,10607.34961,532400,-143.5,0.480868847
2020-07-15,10701,10827.4502,10577.75,10618.2002,10618.2002,715900,-82.7998,0.486281223
2020-07-16,10706.2002,10755.29981,10595.2002,10739.9502,10739.9502,694400,33.75,0.489689783
2020-07-17,10752,10933.4502,10749.65039,10901.7002,10901.7002,676900,149.7002,0.494176188
2020-07-20,10999.4502,11037.90039,10953,11022.2002,11022.2002,554300,22.75,0.49568746
2020-07-21,11126.09961,11179.54981,11113.25,11162.25,11162.25,772000,36.15039,0.493118023
2020-07-22,11231.2002,11238.09961,11056.54981,11132.59961,11132.59961,765100,-98.60059,0.495541901
2020-07-23,11135,11239.79981,11103.15039,11215.4502,11215.4502,621600,80.4502,0.50561132
2020-07-24,11149.9502,11225.40039,11090.29981,11194.15039,11194.15039,678900,44.20019,0.479524917
2020-07-27,11225,11225,11087.84961,11131.79981,11131.79981,588100,-93.20019,0.477331785
2020-07-28,11154.09961,11317.75,11151.40039,11300.54981,11300.54981,683900,146.4502,0.482309419
2020-07-29,11276.90039,11341.40039,11149.75,11202.84961,11202.84961,600700,-74.05078,0.494440709
2020-07-30,11254.29981,11299.9502,11084.9502,11102.15039,11102.15039,677800,-152.14942,0.502245351
2020-07-31,11139.5,11150.40039,11026.65039,11073.4502,11073.4502,642600,-66.0498,0.495645655
2020-08-03,11057.54981,11058.04981,10882.25,10891.59961,10891.59961,680900,-165.9502,0.504196932
2020-08-04,10946.65039,11112.25,10908.09961,11095.25,11095.25,625700,148.59961,0.499516555
2020-08-05,11155.75,11225.65039,11064.04981,11101.65039,11101.65039,667600,-54.09961,0.498152175
2020-08-06,11185.7002,11256.79981,11127.29981,11200.15039,11200.15039,600400,14.45019,0.497763253
2020-08-07,11186.65039,11231.90039,11142.04981,11214.04981,11214.04981,452600,27.39942,0.497510329
2020-08-10,11270.25,11337.29981,11238,11270.15039,11270.15039,492000,-0.09961,0.493532314
2020-08-11,11322.25,11373.59961,11299.15039,11322.5,11322.5,586100,0.25,0.492791038
2020-08-12,11289,11322,11242.65039,11308.40039,11308.40039,609900,19.40039,0.492789177
2020-08-13,11334.84961,11359.29981,11269.9502,11300.4502,11300.4502,562400,-34.39941,0.494584136
2020-08-14,11353.29981,11366.25,11111.4502,11178.40039,11178.40039,645100,-174.89942,0.497735172
2020-08-17,11248.90039,11267.09961,11144.5,11247.09961,11247.09961,634000,-1.80078,0.497808794
2020-08-18,11259.79981,11401.7002,11253.15039,11385.34961,11385.34961,579200,125.5498,0.492608346
2020-08-19,11452.15039,11460.34961,11394.09961,11408.40039,11408.40039,626200,-43.75,0.492748348
2020-08-20,11317.4502,11361.4502,11289.79981,11312.2002,11312.2002,791600,-5.25,0.49337683
2020-08-21,11409.65039,11418.5,11362.2002,11371.59961,11371.59961,668700,-38.05078,0.511544875
2020-08-24,11412,11497.25,11410.65039,11466.4502,11466.4502,532900,54.4502,0.506020597
2020-08-25,11513.09961,11525.90039,11423.34961,11472.25,11472.25,638200,-40.84961,0.501690537
2020-08-26,11512.84961,11561.75,11461.84961,11549.59961,11549.59961,743400,36.75,0.498171013
2020-08-27,11609.29981,11617.34961,11540.59961,11559.25,11559.25,719800,-50.04981,0.496628326
2020-08-28,11602.9502,11686.04981,11589.40039,11647.59961,11647.59961,807000,44.64941,0.507274777
2020-08-31,11777.54981,11794.25,11325.84961,11387.5,11387.5,1371800,-390.04981,0.50242781
2020-09-01,11464.29981,11553.54981,11366.90039,11470.25,11470.25,783800,5.95019,0.502142272
2020-09-02,11478.54981,11554.75,11430.40039,11535,11535,593500,56.45019,0.503175211
2020-09-03,11566.2002,11584.9502,11507.65039,11527.4502,11527.4502,607100,-38.75,0.50557473
2020-09-04,11354.40039,11452.04981,11303.65039,11333.84961,11333.84961,681300,-20.55078,0.504894171
2020-09-07,11359.59961,11381.15039,11251.7002,11355.04981,11355.04981,560300,-4.5498,0.503166369
2020-09-08,11378.54981,11437.25,11290.4502,11317.34961,11317.34961,572200,-61.2002,0.505838871
2020-09-09,11218.59961,11298.15039,11185.15039,11278,11278,728900,59.40039,0.507849972
2020-09-10,11363.29981,11464.04981,11327.40039,11449.25,11449.25,679400,85.95019,0.50706528
2020-09-11,11447.79981,11493.5,11419.90039,11464.4502,11464.4502,554800,16.65039,0.508853063
2020-09-14,11540.15039,11568.90039,11383.54981,11440.04981,11440.04981,642300,-100.10058,0.503605881
2020-09-15,11487.2002,11535.9502,11442.25,11521.79981,11521.79981,506700,34.59961,0.505251478
2020-09-16,11538.4502,11618.09961,11516.75,11604.54981,11604.54981,527800,66.09961,0.506020772
2020-09-17,11539.40039,11587.2002,11498.5,11516.09961,11516.09961,0,-23.30078,0.503695564
2020-09-18,11584.09961,11584.09961,11446.09961,11504.9502,11504.9502,764200,-79.14941,0.502575944
2020-09-21,11503.79981,11535.25,11218.5,11250.54981,11250.54981,602900,-253.25,0.495150362
2020-09-22,11301.75,11302.2002,11084.65039,11153.65039,11153.65039,672200,-148.09961,0.517738817
2020-09-23,11258.75,11259.54981,11024.40039,11131.84961,11131.84961,714900,-126.90039,0.499663814
2020-09-24,11011,11015.29981,10790.2002,10805.54981,10805.54981,706100,-205.45019,0.504049971
2020-09-25,10910.40039,11072.59961,10854.84961,11050.25,11050.25,559600,139.84961,0.493293002
2020-09-28,11140.84961,11239.34961,11099.84961,11227.54981,11227.54981,472800,86.7002,0.50143332
2020-09-29,11288.59961,11305.40039,11181,11222.40039,11222.40039,498300,-66.19922,0.502421752
2020-09-30,11244.4502,11295.40039,11184.54981,11247.54981,11247.54981,499300,3.09961,0.505521821
2020-10-01,11364.4502,11428.59961,11347.04981,11416.9502,11416.9502,447700,52.5,0.504555388
2020-10-05,11487.79981,11578.04981,11452.29981,11503.34961,11503.34961,530600,15.5498,0.504594692
2020-10-06,11603.4502,11680.29981,11564.29981,11662.40039,11662.40039,561400,58.95019,0.506100691
2020-10-07,11679.25,11763.04981,11629.34961,11738.84961,11738.84961,513400,59.59961,0.508574613
2020-10-08,11835.40039,11905.7002,11791.15039,11834.59961,11834.59961,608800,-0.80078,0.503730057
2020-10-09,11852.04981,11938.59961,11805.2002,11914.2002,11914.2002,611100,62.15039,0.506922004
2020-10-12,11973.54981,12022.04981,11867.2002,11930.9502,11930.9502,522600,-42.59961,0.508277444
2020-10-13,11934.65039,11988.2002,11888.90039,11934.5,11934.5,458300,-0.15039,0.507968738
2020-10-14,11917.40039,11997.2002,11822.15039,11971.04981,11971.04981,569200,53.64942,0.505515729
2020-10-15,12023.4502,12025.4502,11661.29981,11680.34961,11680.34961,608900,-343.10059,0.505396277
2020-10-16,11727.40039,11789.75,11667.84961,11762.4502,11762.4502,555800,35.04981,0.504647176
2020-10-19,11879.2002,11898.25,11820.40039,11873.04981,11873.04981,541400,-6.15039,0.50813255
2020-10-20,11861,11949.25,11837.25,11896.79981,11896.79981,453600,35.79981,0.500935435
2020-10-21,11958.54981,12018.65039,11775.75,11937.65039,11937.65039,623700,-20.89942,0.498725914
2020-10-22,11890,11939.54981,11823.4502,11896.4502,11896.4502,544900,6.4502,0.498227157
2020-10-23,11957.90039,11974.54981,11908.75,11930.34961,11930.34961,502300,-27.55078,0.50664752
2020-10-26,11937.40039,11942.84961,11711.7002,11767.75,11767.75,519800,-169.65039,0.509698841
2020-10-27,11807.09961,11899.04981,11723,11889.40039,11889.40039,616300,82.30078,0.504766668
2020-10-28,11922.59961,11929.40039,11684.84961,11729.59961,11729.59961,704000,-193,0.505825627
2020-10-29,11633.29981,11744.15039,11606.4502,11670.79981,11670.79981,555000,37.5,0.502269355
2020-10-30,11678.4502,11748.9502,11535.4502,11642.40039,11642.40039,553700,-36.04981,0.504666876
2020-11-02,11697.34961,11725.65039,11557.40039,11669.15039,11669.15039,568400,-28.19922,0.50423007
2020-11-03,11734.4502,11836.2002,11723.29981,11813.5,11813.5,674300,79.0498,0.502981278
2020-11-04,11783.34961,11929.65039,11756.40039,11908.5,11908.5,667300,125.15039,0.502910873
2020-11-05,12062.40039,12131.09961,12027.59961,12120.29981,12120.29981,632500,57.89942,0.502107916
2020-11-06,12156.65039,12280.40039,12131.84961,12263.54981,12263.54981,576800,106.89942,0.502504369
2020-11-09,12399.40039,12474.04981,12367.34961,12461.04981,12461.04981,553400,61.64942,0.514113805
2020-11-10,12556.40039,12643.90039,12475.25,12631.09961,12631.09961,847500,74.69922,0.502391937
2020-11-11,12680.59961,12769.75,12571.09961,12749.15039,12749.15039,880500,68.55078,0.513077066
2020-11-12,12702.15039,12741.15039,12624.84961,12690.79981,12690.79981,622000,-11.35058,0.511217241
2020-11-13,12659.7002,12735.9502,12607.7002,12719.9502,12719.9502,513900,60.25,0.524060129
2020-11-17,12932.5,12934.04981,12797.09961,12874.2002,12874.2002,707700,-58.2998,0.519299822
2020-11-18,12860.09961,12948.84961,12819.34961,12938.25,12938.25,731300,78.15039,0.520160737
2020-11-19,12839.5,12963,12745.75,12771.7002,12771.7002,768800,-67.7998,0.523417217
2020-11-20,12813.40039,12892.4502,12730.25,12859.04981,12859.04981,664000,45.64942,0.520098804
2020-11-23,12960.29981,12968.84961,12825.7002,12926.4502,12926.4502,633100,-33.84961,0.525091263
2020-11-24,13002.59961,13079.09961,12978,13055.15039,13055.15039,571900,52.55078,0.521387136
2020-11-25,13130,13145.84961,12833.65039,12858.40039,12858.40039,679000,-271.59961,0.520903679
2020-11-26,12906.4502,13018,12790.40039,12987,12987,549800,80.5498,0.519597829
2020-11-27,13012.04981,13035.29981,12914.29981,12968.9502,12968.9502,1162400,-43.09961,0.522582951
2020-12-01,13062.2002,13128.40039,12962.79981,13109.04981,13109.04981,583600,46.84961,0.523848554
2020-12-02,13121.40039,13128.5,12983.54981,13113.75,13113.75,717700,-7.65039,0.520534439
2020-12-03,13215.29981,13216.59961,13107.90039,13133.90039,13133.90039,713700,-81.39942,0.517216368
2020-12-04,13177.40039,13280.04981,13152.84961,13258.54981,13258.54981,640500,81.14942,0.518642843
2020-12-07,13264.84961,13366.65039,13241.9502,13355.75,13355.75,591700,90.90039,0.517580421
2020-12-08,13393.84961,13435.4502,13311.04981,13392.9502,13392.9502,543200,-0.89941,0.517250813
2020-12-09,13458.09961,13548.90039,13449.59961,13529.09961,13529.09961,502600,71,0.523350442
2020-12-10,13488.5,13503.54981,13399.29981,13478.29981,13478.29981,553400,-10.20019,0.526054004
2020-12-11,13512.29981,13579.34961,13402.84961,13513.84961,13513.84961,787700,1.5498,0.515670015
2020-12-14,13571.4502,13597.5,13472.4502,13558.15039,13558.15039,558400,-13.29981,0.521717134
2020-12-15,13547.2002,13589.65039,13447.04981,13567.84961,13567.84961,497600,20.64941,0.523278386
2020-12-16,13663.09961,13692.34961,13606.4502,13682.7002,13682.7002,462200,19.60059,0.525316305
2020-12-17,13713.54981,13773.25,13673.54981,13740.7002,13740.7002,416000,27.15039,0.526190319
2020-12-18,13764.40039,13772.84961,13658.59961,13760.54981,13760.54981,519400,-3.85058,0.525943445
2020-12-21,13741.90039,13777.5,13131.4502,13328.40039,13328.40039,687300,-413.5,0.528029574
2020-12-22,13373.65039,13492.04981,13192.90039,13466.29981,13466.29981,696200,92.64942,0.527480324
2020-12-23,13473.5,13619.4502,13432.2002,13601.09961,13601.09961,458700,127.59961,0.527593539
2020-12-24,13672.15039,13771.75,13626.90039,13749.25,13749.25,471400,77.09961,0.532081374
2020-12-28,13815.15039,13885.29981,13811.54981,13873.2002,13873.2002,403600,58.04981,0.526432044
2020-12-29,13910.34961,13967.59961,13859.90039,13932.59961,13932.59961,439600,22.25,0.526012815
2020-12-30,13980.90039,13997,13864.9502,13981.9502,13981.9502,380700,1.04981,0.526781399
2020-12-31,13970,14024.84961,13936.4502,13981.75,13981.75,452400,11.75,0.546731317
2021-01-01,13996.09961,14049.84961,13991.34961,14018.5,14018.5,358100,22.40039,0.535203805
2021-01-04,14104.34961,14147.9502,13953.75,14132.90039,14132.90039,495000,28.55078,0.52810712
2021-01-05,14075.15039,14215.59961,14048.15039,14199.5,14199.5,492500,124.34961,0.526057925
2021-01-06,14240.9502,14244.15039,14039.90039,14146.25,14146.25,632300,-94.7002,0.527771516
2021-01-07,14253.75,14256.25,14123.09961,14137.34961,14137.34961,559200,-116.40039,0.527721425
2021-01-08,14258.40039,14367.29981,14221.65039,14347.25,14347.25,613500,88.84961,0.524250886
2021-01-11,14474.04981,14498.2002,14383.09961,14484.75,14484.75,672900,10.70019,0.523904059
2021-01-12,14473.79981,14590.65039,14432.84961,14563.4502,14563.4502,929600,89.65039,0.524165375
2021-01-13,14639.79981,14653.34961,14435.7002,14564.84961,14564.84961,874000,-74.9502,0.529683372
2021-01-14,14550.04981,14617.79981,14471.5,14595.59961,14595.59961,620200,45.5498,0.530831751
2021-01-15,14594.34961,14617.4502,14357.84961,14433.7002,14433.7002,789600,-160.64941,0.507564724
2021-01-18,14453.29981,14459.15039,14222.79981,14281.29981,14281.29981,762000,-172,0.5212919
2021-01-19,14371.65039,14546.04981,14350.84961,14521.15039,14521.15039,546100,149.5,0.520620091
2021-01-20,14538.29981,14666.4502,14517.54981,14644.7002,14644.7002,623100,106.40039,0.520514546
2021-01-21,14730.9502,14753.54981,14517.25,14590.34961,14590.34961,704600,-140.60059,0.520264495
2021-01-22,14583.40039,14619.90039,14357.75,14371.90039,14371.90039,776800,-211.5,0.512149557
2021-01-25,14477.79981,14491.09961,14218.59961,14238.90039,14238.90039,618600,-238.89942,0.522391984
2021-01-27,14237.9502,14237.9502,13929.29981,13967.5,13967.5,660700,-270.4502,0.518415566
2021-01-28,13810.40039,13898.25,13713.25,13817.54981,13817.54981,637900,7.14942,0.518350565
2021-01-29,13946.59961,13966.84961,13596.75,13634.59961,13634.59961,753200,-312,0.519446177
2021-02-01,13758.59961,14336.34961,13661.75,14281.2002,14281.2002,870500,522.60059,0.521874923
2021-02-02,14481.09961,14731.7002,14469.15039,14647.84961,14647.84961,915000,166.75,0.523719175
2021-02-03,14754.90039,14868.84961,14574.15039,14789.9502,14789.9502,869500,35.04981,0.526018034
2021-02-04,14789.04981,14913.7002,14714.75,14895.65039,14895.65039,884700,106.60058,0.522778253
2021-02-05,14952.59961,15014.65039,14864.75,14924.25,14924.25,935600,-28.34961,0.522631814
2021-02-08,15064.29981,15159.90039,15041.04981,15115.79981,15115.79981,671200,51.5,0.524874199
2021-02-09,15164.15039,15257.09961,15064.29981,15109.29981,15109.29981,713300,-54.85058,0.525945772
2021-02-10,15119.04981,15168.25,14977.2002,15106.5,15106.5,624800,-12.54981,0.527100255
2021-02-11,15073.25,15188.5,15065.40039,15173.29981,15173.29981,500100,100.04981,0.527180191
2021-02-12,15186.2002,15243.5,15081,15163.29981,15163.29981,571800,-22.90039,0.53038342
2021-02-15,15270.29981,15340.15039,15243.40039,15314.7002,15314.7002,456000,44.40039,0.530911435
2021-02-16,15371.4502,15431.75,15242.2002,15313.4502,15313.4502,648500,-58,0.536190147
2021-02-17,15279.90039,15314.29981,15170.75,15208.90039,15208.90039,504800,-71,0.532767686
2021-02-18,15238.7002,15250.75,15078.04981,15118.9502,15118.9502,770600,-119.75,0.526950237
2021-02-19,15074.79981,15144.04981,14898.2002,14981.75,14981.75,712200,-93.04981,0.530445178
2021-02-22,14999.04981,15010.09961,14635.04981,14675.7002,14675.7002,609900,-323.34961,0.525300428
2021-02-23,14782.25,14854.5,14651.84961,14707.79981,14707.79981,744100,-74.45019,0.525692185
2021-02-24,14729.15039,15008.79981,14504.5,14982,14982,403800,252.84961,0.526701348
2021-02-25,15079.84961,15176.5,15065.34961,15097.34961,15097.34961,803900,17.5,0.527187884
2021-02-26,14888.59961,14919.4502,14467.75,14529.15039,14529.15039,1103600,-359.44922,0.52520525
2021-03-01,14702.5,14806.79981,14638.54981,14761.54981,14761.54981,507300,59.04981,0.52253222
2021-03-02,14865.29981,14959.09961,14760.79981,14919.09961,14919.09961,621700,53.7998,0.519996712
2021-03-03,15064.40039,15273.15039,14995.79981,15245.59961,15245.59961,544200,181.19922,0.523087532
2021-03-04,15026.75,15202.34961,14980.2002,15080.75,15080.75,534900,54,0.525389904
2021-03-05,14977.9502,15092.34961,14862.09961,14938.09961,14938.09961,640700,-39.85059,0.518571717
2021-03-08,15002.4502,15111.15039,14919.90039,14956.2002,14956.2002,0,-46.25,0.517283422
2021-03-09,15049.90039,15126.84961,14925.4502,15098.40039,15098.40039,675300,48.5,0.518777887
2021-03-10,15202.15039,15218.4502,15100.84961,15174.79981,15174.79981,404600,-27.35058,0.517412835
2021-03-12,15321.15039,15336.29981,14953.59961,15030.9502,15030.9502,493200,-290.20019,0.516030997
2021-03-15,15048.40039,15048.40039,14745.84961,14929.5,14929.5,467500,-118.90039,0.518315234
2021-03-16,14996.09961,15051.59961,14890.65039,14910.4502,14910.4502,100,-85.64941,0.512543941
2021-03-17,14946.54981,14956.54981,14696.04981,14721.29981,14721.29981,100,-225.25,0.522891827
2021-03-18,14855.5,14875.2002,14478.59961,14557.84961,14557.84961,542200,-297.65039,0.523857468
2021-03-19,14471.15039,14788.25,14350.09961,14744,14744,919200,272.84961,0.51376339
2021-03-22,14736.29981,14763.90039,14597.84961,14736.40039,14736.40039,459000,0.10058,0.512546007
2021-03-23,14768.54981,14878.59961,14707,14814.75,14814.75,474200,46.20019,0.514872925
2021-03-24,14712.4502,14752.34961,14535,14549.40039,14549.40039,456400,-163.04981,0.515901495
2021-03-25,14570.90039,14575.59961,14264.40039,14324.90039,14324.90039,606800,-246,0.517426933
2021-03-26,14506.29981,14572.90039,14414.25,14507.29981,14507.29981,481000,1,0.517332146
2021-03-30,14628.5,14876.29981,14617.59961,14845.09961,14845.09961,594500,216.59961,0.519405532
2021-03-31,14811.84961,14813.75,14670.25,14690.7002,14690.7002,463900,-121.14941,0.516268572
2021-04-01,14798.40039,14883.2002,14692.4502,14867.34961,14867.34961,445000,68.94922,0.511748962
2021-04-05,14837.7002,14849.84961,14459.5,14637.79981,14637.79981,509700,-199.90039,0.512667559
2021-04-06,14737,14779.09961,14573.90039,14683.5,14683.5,475300,-53.5,0.510457982
2021-04-07,14716.4502,14879.79981,14649.84961,14819.04981,14819.04981,0,102.59961,0.510434392
2021-04-08,14875.65039,14984.15039,14821.09961,14873.79981,14873.79981,514800,-1.85058,0.511155506
2021-04-09,14882.65039,14918.4502,14785.65039,14834.84961,14834.84961,504100,-47.80078,0.506987977
2021-04-12,14644.65039,14652.5,14248.7002,14310.79981,14310.79981,650200,-333.85058,0.512321923
2021-04-13,14364.90039,14528.90039,14274.90039,14504.79981,14504.79981,605100,139.89942,0.513273922
2021-04-15,14522.40039,14597.54981,14353.2002,14581.4502,14581.4502,568000,59.04981,0.508279052
2021-04-16,14599.59961,14697.7002,14559,14617.84961,14617.84961,577200,18.25,0.508838537
2021-04-19,14306.59961,14382.29981,14191.40039,14359.4502,14359.4502,512300,52.85059,0.509864345
2021-04-20,14526.7002,14526.9502,14207.29981,14296.40039,14296.40039,467400,-230.29981,0.508482448
2021-04-22,14219.15039,14424.75,14151.40039,14406.15039,14406.15039,524600,187,0.509639475
2021-04-23,14326.34961,14461.15039,14273.29981,14341.34961,14341.34961,498100,15,0.512148801
2021-04-26,14449.4502,14557.5,14421.29981,14485,14485,452700,35.5498,0.518209159
2021-04-27,14493.79981,14667.54981,14484.84961,14653.04981,14653.04981,451800,159.25,0.519629387
2021-04-28,14710.5,14890.25,14694.9502,14864.54981,14864.54981,457000,154.04981,0.517242836
2021-04-29,14979,15044.34961,14814.4502,14894.90039,14894.90039,517500,-84.09961,0.519749614
2021-04-30,14747.34961,14855.4502,14601.7002,14631.09961,14631.09961,613900,-116.25,0.514541038
2021-05-03,14481.04981,14673.84961,14416.25,14634.15039,14634.15039,448900,153.10058,0.515592356
2021-05-04,14687.25,14723.40039,14461.5,14496.5,14496.5,503400,-190.75,0.517186831
2021-05-05,14604.15039,14637.90039,14506.59961,14617.84961,14617.84961,455900,13.69922,0.516733637
2021-05-06,14668.34961,14743.90039,14611.5,14724.79981,14724.79981,467800,56.4502,0.513718917
2021-05-07,14816.84961,14863.04981,14765.5,14823.15039,14823.15039,488000,6.30078,0.513708154
2021-05-10,14928.25,14966.90039,14892.5,14942.34961,14942.34961,522000,14.09961,0.512728116
2021-05-11,14789.7002,14900,14771.40039,14850.75,14850.75,647400,61.0498,0.514234503
2021-05-12,14823.54981,14824.04981,14649.7002,14696.5,14696.5,643800,-127.04981,0.513631218
2021-05-14,14749.40039,14749.65039,14591.90039,14677.79981,14677.79981,620700,-71.60058,0.510208864
2021-05-17,14756.25,14938,14725.34961,14923.15039,14923.15039,546400,166.90039,0.521708688
2021-05-18,15067.2002,15137.25,15043.7002,15108.09961,15108.09961,583900,40.89941,0.525233204
2021-05-19,15058.59961,15133.40039,15008.84961,15030.15039,15030.15039,569100,-28.44922,0.523022015
2021-05-20,15042.59961,15069.79981,14884.90039,14906.04981,14906.04981,480300,-136.5498,0.522180104
2021-05-21,14987.79981,15190,14985.84961,15175.29981,15175.29981,572900,187.5,0.529462629
2021-05-24,15211.34961,15256.25,15145.4502,15197.7002,15197.7002,579800,-13.64941,0.531877038
2021-05-25,15291.75,15293.84961,15163.40039,15208.4502,15208.4502,441500,-83.2998,0.530727351
2021-05-26,15257.04981,15319.90039,15194.9502,15301.4502,15301.4502,384000,44.40039,0.529195577
2021-05-27,15323.9502,15384.54981,15272.5,15337.84961,15337.84961,0,13.89941,0.530657854
2021-05-28,15421.2002,15469.65039,15394.75,15435.65039,15435.65039,468100,14.45019,0.530553805
2021-05-31,15437.75,15606.34961,15374,15582.79981,15582.79981,436000,145.04981,0.532450115
2021-06-01,15629.65039,15660.75,15528.29981,15574.84961,15574.84961,409600,-54.80078,0.532851401
2021-06-02,15520.34961,15597.4502,15459.84961,15576.2002,15576.2002,428600,55.85059,0.530601397
2021-06-03,15655.54981,15705.09961,15611,15690.34961,15690.34961,410200,34.7998,0.5321821
2021-06-04,15712.5,15733.59961,15622.34961,15670.25,15670.25,414200,-42.25,0.527917716
2021-06-07,15725.09961,15773.4502,15678.09961,15751.65039,15751.65039,394000,26.55078,0.529535369
2021-06-08,15773.90039,15778.79981,15680,15740.09961,15740.09961,378200,-33.80078,0.531820603
2021-06-09,15766.29981,15800.4502,15566.90039,15635.34961,15635.34961,457900,-130.9502,0.530365406
2021-06-10,15692.09961,15751.25,15648.5,15737.75,15737.75,298300,45.65039,0.527257402
2021-06-11,15796.4502,15835.54981,15749.79981,15799.34961,15799.34961,363000,2.89941,0.528330351
2021-06-14,15791.40039,15823.04981,15606.5,15811.84961,15811.84961,392900,20.44922,0.524137808
2021-06-15,15866.9502,15901.59961,15842.40039,15869.25,15869.25,323300,2.2998,0.53671731
2021-06-16,15847.5,15880.84961,15742.59961,15767.54981,15767.54981,340200,-79.95019,0.526840709
2021-06-17,15648.29981,15769.34961,15616.75,15691.40039,15691.40039,357600,43.10058,0.532358497
2021-06-18,15756.5,15761.5,15450.90039,15683.34961,15683.34961,640800,-73.15039,0.529290901
2021-06-21,15525.84961,15765.15039,15505.65039,15746.5,15746.5,351500,220.65039,0.52751112
2021-06-22,15840.5,15895.75,15752.09961,15772.75,15772.75,322200,-67.75,0.528716051
2021-06-23,15862.79981,15862.9502,15673.9502,15686.9502,15686.9502,287500,-175.84961,0.528911309
2021-06-24,15737.29981,15821.40039,15702.7002,15790.4502,15790.4502,316700,53.15039,0.528568102
2021-06-25,15839.34961,15870.79981,15772.29981,15860.34961,15860.34961,314600,21,0.526089646
2021-06-28,15915.34961,15915.65039,15792.15039,15814.7002,15814.7002,255100,-100.64941,0.515316295
2021-06-29,15807.5,15835.90039,15724.04981,15748.4502,15748.4502,360300,-59.0498,0.527337162
2021-06-30,15776.90039,15839.09961,15708.75,15721.5,15721.5,262400,-55.40039,0.526036309
2021-07-01,15755.04981,15755.54981,15667.04981,15680,15680,224900,-75.04981,0.523417443
2021-07-02,15705.84961,15738.34961,15635.9502,15722.2002,15722.2002,254800,16.35059,0.522849814
2021-07-05,15793.40039,15845.9502,15762.04981,15834.34961,15834.34961,207000,40.94922,0.525481897
2021-07-06,15813.75,15914.2002,15801,15818.25,15818.25,391400,4.5,0.523332972
2021-07-07,15819.59961,15893.54981,15779.7002,15879.65039,15879.65039,329300,60.05078,0.522494075
2021-07-08,15855.40039,15885.75,15682.90039,15727.90039,15727.90039,307900,-127.5,0.525896991
2021-07-09,15688.25,15730.84961,15632.75,15689.79981,15689.79981,243200,1.54981,0.533500423
2021-07-12,15766.79981,15789.2002,15644.75,15692.59961,15692.59961,216300,-74.2002,0.524370187
2021-07-13,15794,15820.79981,15744.59961,15812.34961,15812.34961,246700,18.34961,0.522214121
2021-07-14,15808.7002,15877.34961,15764.2002,15853.9502,15853.9502,0,45.25,0.520978238
2021-07-15,15872.15039,15952.34961,15855,15924.2002,15924.2002,284900,52.04981,0.522548898
2021-07-16,15958.34961,15962.25,15882.59961,15923.40039,15923.40039,276300,-34.94922,0.514490615
2021-07-19,15754.5,15836.90039,15707.5,15752.40039,15752.40039,242100,-2.09961,0.512926284
2021-07-20,15703.9502,15728.4502,15578.54981,15632.09961,15632.09961,274300,-71.85059,0.513961342
2021-07-22,15736.59961,15834.79981,15726.40039,15824.04981,15824.04981,265300,87.4502,0.51493756
2021-07-23,15856.79981,15899.79981,15768.40039,15856.04981,15856.04981,294100,-0.75,0.515502471
2021-07-26,15849.29981,15893.34961,15797,15824.4502,15824.4502,267100,-24.84961,0.517281409
2021-07-27,15860.5,15881.54981,15701,15746.4502,15746.4502,311000,-114.0498,0.516087281
2021-07-28,15761.54981,15767.5,15513.4502,15709.40039,15709.40039,318600,-52.14942,0.515010827
2021-07-29,15762.7002,15817.34961,15737.79981,15778.4502,15778.4502,401600,15.75,0.51296488
2021-07-30,15800.59961,15862.79981,15744.84961,15763.04981,15763.04981,400000,-37.5498,0.512997615
2021-08-02,15874.90039,15892.90039,15834.65039,15885.15039,15885.15039,244800,10.25,0.508515051
2021-08-03,15951.54981,16146.90039,15914.34961,16130.75,16130.75,341300,179.20019,0.507986106
2021-08-04,16195.25,16290.2002,16176.15039,16258.79981,16258.79981,427300,63.54981,0.507068397
2021-08-05,16288.9502,16349.4502,16210.29981,16294.59961,16294.59961,418200,5.64941,0.507624326
2021-08-06,16304.40039,16336.75,16223.29981,16238.2002,16238.2002,320100,-66.20019,0.506493861
2021-08-09,16281.34961,16320.75,16179.04981,16258.25,16258.25,240500,-23.09961,0.506110259
2021-08-10,16274.79981,16359.25,16202.25,16280.09961,16280.09961,288000,5.2998,0.505155176
2021-08-11,16327.29981,16338.75,16162.54981,16282.25,16282.25,277900,-45.04981,0.506287723
2021-08-12,16303.65039,16375.5,16286.90039,16364.40039,16364.40039,280200,60.75,0.509013911
2021-08-13,16385.69922,16543.59961,16376.29981,16529.09961,16529.09961,321900,143.40039,0.510016922
2021-08-16,16518.40039,16589.40039,16480.75,16563.05078,16563.05078,254000,44.65039,0.495010008
2021-08-17,16545.25,16628.55078,16495.40039,16614.59961,16614.59961,297400,69.34961,0.488535485
2021-08-18,16691.94922,16701.84961,16535.84961,16568.84961,16568.84961,251800,-123.09961,0.488354138
2021-08-20,16382.5,16509.55078,16376.04981,16450.5,16450.5,350800,68,0.48128218
2021-08-23,16592.25,16592.5,16395.69922,16496.44922,16496.44922,275600,-95.80078,0.483314333
2021-08-24,16561.40039,16647.09961,16495.30078,16624.59961,16624.59961,275400,63.19922,0.485960832
2021-08-25,16654,16712.44922,16617.5,16634.65039,16634.65039,265900,-19.34961,0.486430615
2021-08-26,16627.94922,16683.69922,16603.40039,16636.90039,16636.90039,253500,8.95117,0.488343876
2021-08-27,16642.55078,16722.05078,16565.59961,16705.19922,16705.19922,217400,62.64844,0.49869503
2021-08-30,16775.84961,16951.5,16764.84961,16931.05078,16931.05078,283500,155.20117,0.487329695
2021-08-31,16947.5,17153.5,16915.84961,17132.19922,17132.19922,464400,184.69922,0.487878934
2021-09-01,17185.59961,17225.75,17055.05078,17076.25,17076.25,301900,-109.34961,0.491373514
2021-09-02,17095.40039,17245.5,17059.69922,17234.15039,17234.15039,242400,138.75,0.495371014
2021-09-03,17262.44922,17340.09961,17212.19922,17323.59961,17323.59961,261400,61.15039,0.481056943
2021-09-06,17399.34961,17429.55078,17345.55078,17377.80078,17377.80078,228000,-21.54883,0.489850016
2021-09-07,17401.55078,17436.5,17287,17362.09961,17362.09961,243400,-39.45117,0.492229105
2021-09-08,17375.75,17383.40039,17254.19922,17353.5,17353.5,252700,-22.25,0.484543988
2021-09-09,17312.84961,17379.65039,17302.69922,17369.25,17369.25,241500,56.40039,0.496291745
2021-09-13,17363.55078,17378.34961,17269.15039,17355.30078,17355.30078,241100,-8.25,0.504033397
2021-09-14,17420.34961,17438.55078,17367.05078,17380,17380,230400,-40.34961,0.503069374
2021-09-15,17387.65039,17532.69922,17386.90039,17519.44922,17519.44922,388200,131.79883,0.53874656
2021-09-16,17539.19922,17644.59961,17510.44922,17629.5,17629.5,503300,90.30078,0.526317685
2021-09-17,17709.65039,17792.94922,17537.65039,17585.15039,17585.15039,508300,-124.5,0.521382573
2021-09-20,17443.84961,17622.75,17361.80078,17396.90039,17396.90039,339100,-46.94922,0.515423775
2021-09-21,17450.5,17578.34961,17326.09961,17562,17562,363600,111.5,0.511420952
2021-09-22,17580.90039,17610.44922,17524,17546.65039,17546.65039,295200,-34.25,0.5099914
2021-09-23,17670.84961,17843.90039,17646.55078,17822.94922,17822.94922,320500,152.09961,0.510355425
2021-09-24,17897.44922,17947.65039,17819.40039,17853.19922,17853.19922,360100,-44.25,0.514889966
2021-09-27,17932.19922,17943.5,17802.90039,17855.09961,17855.09961,295700,-77.09961,0.503136888
2021-09-28,17906.44922,17912.84961,17576.09961,17748.59961,17748.59961,398000,-157.84961,0.507255831
2021-09-29,17657.94922,17781.75,17608.15039,17711.30078,17711.30078,562200,53.35156,0.507369039
2021-09-30,17718.90039,17742.15039,17585.34961,17618.15039,17618.15039,378600,-100.75,0.506250303
2021-10-01,17531.90039,17557.15039,17452.90039,17532.05078,17532.05078,305800,0.15039,0.508231117
2021-10-04,17615.55078,17750.90039,17581.34961,17691.25,17691.25,295800,75.69922,0.508833591
2021-10-05,17661.34961,17833.44922,17640.90039,17822.30078,17822.30078,427000,160.95117,0.507843625
2021-10-06,17861.5,17884.59961,17613.15039,17646,17646,395800,-215.5,0.50801674
2021-10-07,17810.55078,17857.55078,17763.80078,17790.34961,17790.34961,419900,-20.20117,0.508905567
2021-10-08,17886.84961,17941.84961,17840.34961,17895.19922,17895.19922,324100,8.34961,0.509249844
2021-10-11,17867.55078,18041.94922,17839.09961,17945.94922,17945.94922,375800,78.39844,0.50394826
2021-10-12,17915.80078,18008.65039,17864.94922,17991.94922,17991.94922,355600,76.14844,0.504782427
2021-10-13,18097.84961,18197.80078,18050.75,18161.75,18161.75,506700,63.90039,0.510181761
2021-10-14,18272.84961,18350.75,18248.69922,18338.55078,18338.55078,538700,65.70117,0.509995413
2021-10-18,18500.09961,18543.15039,18445.30078,18477.05078,18477.05078,469900,-23.04883,0.496515033
2021-10-19,18602.34961,18604.44922,18377.69922,18418.75,18418.75,368200,-183.59961,0.499216495
2021-10-20,18439.90039,18458.30078,18209.34961,18266.59961,18266.59961,371300,-173.30078,0.501497772
2021-10-21,18382.69922,18384.19922,18048,18178.09961,18178.09961,365900,-204.59961,0.500446067
2021-10-22,18230.69922,18314.25,18034.34961,18114.90039,18114.90039,324700,-115.79883,0.499578942
2021-10-25,18229.5,18241.40039,17968.5,18125.40039,18125.40039,418700,-104.09961,0.501789381
2021-10-26,18154.5,18310.44922,18099.30078,18268.40039,18268.40039,341400,113.90039,0.503255741
2021-10-27,18295.84961,18342.05078,18167.90039,18210.94922,18210.94922,335200,-84.90039,0.504198758
2021-10-28,18187.65039,18190.69922,17799.44922,17857.25,17857.25,374200,-330.40039,0.508657407
2021-10-29,17833.05078,17915.84961,17613.09961,17671.65039,17671.65039,336500,-161.40039,0.499957001
2021-11-01,17783.15039,17954.09961,17697.09961,17929.65039,17929.65039,281200,146.5,0.505430402
2021-11-02,17970.90039,18012.25,17847.59961,17888.94922,17888.94922,296400,-81.95117,0.508346256
2021-11-03,17947.94922,17988.75,17757.94922,17829.19922,17829.19922,331000,-118.75,0.509032034
2021-11-04,17935.05078,17947.55078,17900.59961,17916.80078,17916.80078,48500,-18.25,0.520622824
2021-11-08,18040.19922,18087.80078,17836.09961,18068.55078,18068.55078,338900,28.35156,0.509675837
2021-11-09,18084.34961,18112.59961,17983.05078,18044.25,18044.25,270200,-40.09961,0.511704052
2021-11-10,17973.44922,18061.25,17915,18017.19922,18017.19922,261400,43.75,0.514070608
2021-11-11,17967.44922,17971.34961,17798.19922,17873.59961,17873.59961,232100,-93.84961,0.518319196
2021-11-12,17977.59961,18123,17905.90039,18102.75,18102.75,249100,125.15039,0.517039681
2021-11-15,18140.94922,18210.15039,18071.30078,18109.44922,18109.44922,280400,-31.5,0.52240636
2021-11-16,18127.05078,18132.65039,17958.80078,17999.19922,17999.19922,267400,-127.85156,0.527219724
2021-11-17,17939.34961,18022.65039,17879.25,17898.65039,17898.65039,295700,-40.69922,0.540055761
2021-11-18,17890.55078,17945.59961,17688.5,17764.80078,17764.80078,278400,-125.75,0.538101726
2021-11-22,17796.25,17805.25,17280.44922,17416.55078,17416.55078,356400,-379.69922,0.513725882
2021-11-23,17281.75,17553.69922,17216.09961,17503.34961,17503.34961,308800,221.59961,0.516309999
2021-11-24,17550.05078,17600.59961,17354,17415.05078,17415.05078,298100,-135,0.511468169
2021-11-25,17417.30078,17564.34961,17351.69922,17536.25,17536.25,255900,118.94922,0.510822368
2021-11-26,17338.75,17355.40039,16985.69922,17026.44922,17026.44922,356300,-312.30078,0.503868925
2021-11-29,17055.80078,17160.69922,16782.40039,17053.94922,17053.94922,348900,-1.85156,0.502255328
2021-11-30,17051.15039,17324.65039,16931.40039,16983.19922,16983.19922,498000,-67.95117,0.504220289
2021-12-01,17104.40039,17213.05078,17064.25,17166.90039,17166.90039,295500,62.5,0.5038727
2021-12-02,17183.19922,17420.34961,17149.30078,17401.65039,17401.65039,279900,218.45117,0.500051727
2021-12-03,17424.90039,17489.80078,17180.80078,17196.69922,17196.69922,292500,-228.20117,0.502349829
2021-12-06,17209.05078,17216.75,16891.69922,16912.25,16912.25,231700,-296.80078,0.492132648
2021-12-07,17044.09961,17251.65039,16987.75,17176.69922,17176.69922,254100,132.59961,0.497149151
2021-12-08,17315.25,17484.59961,17308.94922,17469.75,17469.75,257800,154.5,0.511328895
2021-12-09,17524.40039,17543.25,17379.59961,17516.84961,17516.84961,237200,-7.55078,0.492370842
2021-12-10,17476.05078,17534.34961,17405.25,17511.30078,17511.30078,204500,35.25,0.489426733
2021-12-13,17619.09961,17639.5,17355.94922,17368.25,17368.25,256600,-250.84961,0.485658834
2021-12-14,17283.19922,17376.19922,17225.80078,17324.90039,17324.90039,271000,41.70117,0.507616607
2021-12-15,17323.65039,17351.19922,17192.19922,17221.40039,17221.40039,215000,-102.25,0.491631962
2021-12-16,17373,17379.34961,17184.94922,17248.40039,17248.40039,219500,-124.59961,0.490941748
2021-12-17,17276,17298.15039,16966.44922,16985.19922,16985.19922,354600,-290.80078,0.503163084
2021-12-20,16824.25,16840.09961,16410.19922,16614.19922,16614.19922,330600,-210.05078,0.49619691
2021-12-21,16773.15039,16936.40039,16688.25,16770.84961,16770.84961,241000,-2.30078,0.509336427
2021-12-22,16865.55078,16971,16819.5,16955.44922,16955.44922,207900,89.89844,0.500094663
2021-12-23,17066.80078,17118.65039,17015.55078,17072.59961,17072.59961,197000,5.79883,0.499958215
2021-12-24,17149.5,17155.59961,16909.59961,17003.75,17003.75,182600,-145.75,0.507882976
2021-12-27,16937.75,17112.05078,16833.19922,17086.25,17086.25,144800,148.5,0.492956493
2021-12-28,17177.59961,17250.25,17161.15039,17233.25,17233.25,176000,55.65039,0.492394844
2021-12-29,17220.09961,17285.94922,17176.65039,17213.59961,17213.59961,161700,-6.5,0.496834892
2021-12-30,17201.44922,17264.05078,17146.34961,17203.94922,17203.94922,320800,2.5,0.506600641
2021-12-31,17244.5,17400.80078,17238.5,17354.05078,17354.05078,167000,109.55078,0.504898201
2022-01-03,17387.15039,17646.65039,17383.30078,17625.69922,17625.69922,200500,238.54883,0.495829501
2022-01-04,17681.40039,17827.59961,17593.55078,17805.25,17805.25,247400,123.84961,0.500613403
2022-01-05,17820.09961,17944.69922,17748.84961,17925.25,17925.25,251500,105.15039,0.490706363
2022-01-06,17768.5,17797.94922,17655.55078,17745.90039,17745.90039,236500,-22.59961,0.493205804
2022-01-07,17797.59961,17905,17704.55078,17812.69922,17812.69922,239300,15.09961,0.489485819
2022-01-10,17913.30078,18017.44922,17879.15039,18003.30078,18003.30078,232400,90,0.493603847
2022-01-11,17997.75,18081.25,17964.40039,18055.75,18055.75,220200,58,0.493982419
2022-01-12,18170.40039,18227.94922,18128.80078,18212.34961,18212.34961,245000,41.94922,0.495694723
2022-01-13,18257,18272.25,18163.80078,18257.80078,18257.80078,303700,0.80078,0.500735964
2022-01-14,18185,18286.94922,18119.65039,18255.75,18255.75,229500,70.75,0.502237033
2022-01-17,18235.65039,18321.55078,18228.75,18308.09961,18308.09961,266700,72.44922,0.498944445
2022-01-18,18337.19922,18350.94922,18085.90039,18113.05078,18113.05078,227500,-224.14844,0.497706281
2022-01-19,18129.19922,18129.19922,17884.90039,17938.40039,17938.40039,276700,-190.79883,0.498698051
2022-01-20,17921,17943.69922,17648.44922,17757,17757,258100,-164,0.502498758
2022-01-21,17613.69922,17707.59961,17485.84961,17617.15039,17617.15039,277600,3.45117,0.503863254
2022-01-24,17575.15039,17599.40039,16997.84961,17149.09961,17149.09961,323800,-426.05078,0.502072546
2022-01-25,17001.55078,17309.15039,16836.80078,17277.94922,17277.94922,326500,276.39844,0.504063743
2022-01-27,17062,17182.5,16866.75,17110.15039,17110.15039,395600,48.15039,0.501745038
2022-01-28,17208.30078,17373.5,17077.09961,17101.94922,17101.94922,355300,-106.35156,0.503278489
2022-01-31,17301.05078,17410,17264.15039,17339.84961,17339.84961,321700,38.79883,0.504510993
2022-02-01,17529.44922,17622.40039,17244.55078,17576.84961,17576.84961,386400,47.40039,0.500930516
2022-02-02,17706.19922,17794.59961,17674.80078,17780,17780,271200,73.80078,0.498742919
2022-02-03,17767.75,17781.15039,17511.15039,17560.19922,17560.19922,226600,-207.55078,0.499743207
2022-02-04,17590.19922,17617.80078,17462.55078,17516.30078,17516.30078,261400,-73.89844,0.500476593
2022-02-07,17456.30078,17536.75,17119.40039,17213.59961,17213.59961,265000,-242.70117,0.498354637
2022-02-08,17279.84961,17306.44922,17043.65039,17266.75,17266.75,268500,-13.09961,0.496177247
2022-02-09,17370.09961,17477.15039,17339,17463.80078,17463.80078,236400,93.70117,0.495193161
2022-02-10,17554.09961,17639.44922,17427.15039,17605.84961,17605.84961,273600,51.75,0.48783244
2022-02-11,17451,17454.75,17303,17374.75,17374.75,253100,-76.25,0.49278841
2022-02-14,17076.15039,17099.5,16809.65039,16842.80078,16842.80078,305500,-233.34961,0.49075963
2022-02-15,16933.25,17375,16839.25,17352.44922,17352.44922,298700,419.19922,0.495716404
2022-02-16,17408.44922,17490.59961,17257.69922,17322.19922,17322.19922,244500,-86.25,0.496471168
2022-02-17,17396.55078,17442.90039,17235.84961,17304.59961,17304.59961,232100,-91.95117,0.495672516
2022-02-18,17236.05078,17380.80078,17219.19922,17276.30078,17276.30078,189600,40.25,0.492875909
2022-02-21,17192.25,17351.05078,17070.69922,17206.65039,17206.65039,215200,14.40039,0.499682118
2022-02-22,16847.94922,17148.55078,16843.80078,17092.19922,17092.19922,300100,244.25,0.504805968
2022-02-23,17194.5,17220.69922,17027.84961,17063.25,17063.25,200200,-131.25,0.50420737
2022-02-24,16548.90039,16705.25,16203.25,16247.9502,16247.9502,458000,-300.95019,0.500376072
2022-02-25,16515.65039,16748.80078,16478.30078,16658.40039,16658.40039,329800,142.75,0.501951156
2022-02-28,16481.59961,16815.90039,16356.29981,16793.90039,16793.90039,404200,312.30078,0.502517631
2022-03-02,16593.09961,16678.5,16478.65039,16605.94922,16605.94922,517700,12.84961,0.497357773
2022-03-03,16723.19922,16768.94922,16442.94922,16498.05078,16498.05078,442100,-225.14844,0.500094781
2022-03-04,16339.4502,16456,16133.79981,16245.34961,16245.34961,456100,-94.10059,0.495803496
2022-03-07,15867.9502,15944.59961,15711.4502,15863.15039,15863.15039,585400,-4.79981,0.497651426
2022-03-08,15747.75,16028.75,15671.4502,16013.4502,16013.4502,543600,265.7002,0.494152177
2022-03-09,16078,16418.05078,15990,16345.34961,16345.34961,462200,267.34961,0.500602614
2022-03-10,16757.09961,16757.30078,16447.90039,16594.90039,16594.90039,486400,-162.19922,0.505154407
2022-03-11,16528.80078,16694.40039,16470.90039,16630.44922,16630.44922,343700,101.64844,0.503642082
2022-03-14,16633.69922,16887.94922,16606.5,16871.30078,16871.30078,314700,237.60156,0.502290799
2022-03-15,16900.65039,16927.75,16555,16663,16663,381600,-237.65039,0.501779645
2022-03-16,16876.65039,16987.90039,16837.84961,16975.34961,16975.34961,260000,98.69922,0.499352516
2022-03-17,17202.90039,17344.59961,17175.75,17287.05078,17287.05078,448300,84.15039,0.508791714
2022-03-21,17329.5,17353.34961,17096.40039,17117.59961,17117.59961,285500,-211.90039,0.507634077
2022-03-22,17120.40039,17334.40039,17006.30078,17315.5,17315.5,338300,195.09961,0.507550193
2022-03-23,17405.05078,17442.40039,17199.59961,17245.65039,17245.65039,292100,-159.40039,0.493589912
2022-03-24,17094.94922,17291.75,17091.15039,17222.75,17222.75,290300,127.80078,0.50501255
2022-03-25,17289,17294.90039,17076.55078,17153,17153,237100,-136,0.505201052
2022-03-28,17181.84961,17235.09961,17003.90039,17222,17222,253200,40.15039,0.4911824
2022-03-29,17297.19922,17343.65039,17235.69922,17325.30078,17325.30078,235100,28.10156,0.5020361
2022-03-30,17468.15039,17522.5,17387.19922,17498.25,17498.25,505000,30.09961,0.503468982
2022-03-31,17519.19922,17559.80078,17435.19922,17464.75,17464.75,281100,-54.44922,0.496030011
2022-04-01,17436.90039,17703.69922,17422.69922,17670.44922,17670.44922,291800,233.54883,0.509909306
2022-04-04,17809.09961,18114.65039,17791.40039,18053.40039,18053.40039,345500,244.30078,0.508810277
2022-04-05,18080.59961,18095.44922,17921.55078,17957.40039,17957.40039,283500,-123.19922,0.509756156
2022-04-06,17842.75,17901,17779.84961,17807.65039,17807.65039,328800,-35.09961,0.509547573
2022-04-07,17723.30078,17787.5,17623.69922,17639.55078,17639.55078,308800,-83.75,0.509652232
2022-04-08,17698.15039,17842.75,17600.55078,17784.34961,17784.34961,274400,86.19922,0.498709656
2022-04-11,17740.90039,17779.05078,17650.94922,17674.94922,17674.94922,251700,-65.95117,0.504601887
2022-04-12,17584.84961,17595.30078,17442.34961,17530.30078,17530.30078,266000,-54.54883,0.507976127
2022-04-13,17599.90039,17663.65039,17457.40039,17475.65039,17475.65039,245100,-124.25,0.50779541
2022-04-18,17183.44922,17237.75,17067.84961,17173.65039,17173.65039,376100,-9.79883,0.497530835
2022-04-19,17258.94922,17275.65039,16824.69922,16958.65039,16958.65039,401400,-300.29883,0.50303233
2022-04-20,17045.25,17186.90039,16978.94922,17136.55078,17136.55078,286100,91.30078,0.499749773
2022-04-21,17234.59961,17414.69922,17215.5,17392.59961,17392.59961,285200,158,0.495765991
2022-04-22,17242.75,17315.30078,17149.19922,17171.94922,17171.94922,262700,-70.80078,0.500119332
2022-04-25,17009.05078,17054.30078,16888.69922,16953.94922,16953.94922,275700,-55.10156,0.49051557
2022-04-26,17121.30078,17223.84961,17064.44922,17200.80078,17200.80078,261100,79.5,0.498977881
2022-04-27,17073.34961,17110.69922,16958.44922,17038.40039,17038.40039,265100,-34.94922,0.509571701
2022-04-28,17189.5,17322.5,17071.05078,17245.05078,17245.05078,312900,55.55078,0.50314946
2022-04-29,17329.25,17377.65039,17053.25,17102.55078,17102.55078,336200,-226.69922,0.502684112
2022-05-02,16924.44922,17092.25,16917.25,17069.09961,17069.09961,278200,144.65039,0.518214101
2022-05-04,17096.59961,17132.84961,16623.94922,16677.59961,16677.59961,310600,-419,0.502946176
2022-05-05,16854.75,16945.69922,16651.84961,16682.65039,16682.65039,265800,-172.09961,0.510398224
2022-05-06,16415.55078,16484.19922,16340.90039,16411.25,16411.25,300500,-4.30078,0.503564513
2022-05-09,16227.7002,16403.69922,16142.09961,16301.84961,16301.84961,288400,74.14941,0.503864292
2022-05-10,16248.90039,16404.55078,16197.29981,16240.04981,16240.04981,283100,-8.85058,0.50418192
2022-05-11,16270.04981,16318.75,15992.59961,16167.09961,16167.09961,284300,-102.9502,0.50573154
2022-05-12,16021.09961,16041.9502,15735.75,15808,15808,314900,-213.09961,0.51263516
2022-05-13,15977,16083.59961,15740.84961,15782.15039,15782.15039,369100,-194.84961,0.510624137
2022-05-16,15845.09961,15977.9502,15739.65039,15842.29981,15842.29981,217600,-2.7998,0.510061555
2022-05-17,15912.59961,16284.25,15900.79981,16259.29981,16259.29981,295700,346.7002,0.510885595
2022-05-18,16318.15039,16399.80078,16211.2002,16240.29981,16240.29981,290400,-77.85058,0.518729568
2022-05-19,15917.40039,15984.75,15775.2002,15809.40039,15809.40039,313900,-108,0.514998543
2022-05-20,16043.79981,16283.04981,16003.84961,16266.15039,16266.15039,252400,222.35058,0.528441014
2022-05-23,16290.9502,16414.69922,16185.75,16214.7002,16214.7002,293800,-76.25,0.520696484
2022-05-24,16225.54981,16262.79981,16078.59961,16125.15039,16125.15039,249800,-100.39942,0.535419387
2022-05-25,16196.34961,16223.34961,16006.9502,16025.79981,16025.79981,243300,-170.5498,0.51350406
2022-05-26,16105,16204.4502,15903.7002,16170.15039,16170.15039,314300,65.15039,0.533031408
2022-05-27,16296.59961,16370.59961,16221.9502,16352.4502,16352.4502,274100,55.85059,0.531697113
2022-05-30,16527.90039,16695.5,16506.15039,16661.40039,16661.40039,251400,133.5,0.529510113
2022-05-31,16578.44922,16690.75,16521.90039,16584.55078,16584.55078,651600,6.10156,0.533437793
2022-06-01,16594.40039,16649.19922,16438.84961,16522.75,16522.75,249600,-71.65039,0.513084561
2022-06-02,16481.65039,16646.40039,16443.05078,16628,16628,236000,146.34961,0.521914219
2022-06-03,16761.65039,16793.84961,16567.90039,16584.30078,16584.30078,245500,-177.34961,0.528803233
2022-06-06,16530.69922,16610.94922,16444.55078,16569.55078,16569.55078,233600,38.85156,0.526436782
2022-06-07,16469.59961,16487.25,16347.09961,16416.34961,16416.34961,233800,-53.25,0.522390815
2022-06-08,16474.94922,16514.30078,16293.34961,16356.25,16356.25,243500,-118.69922,0.522433192
2022-06-09,16263.84961,16492.80078,16243.84961,16478.09961,16478.09961,205000,214.25,0.526094041
2022-06-10,16283.9502,16324.7002,16172.59961,16201.79981,16201.79981,189700,-82.15039,0.532512239
2022-06-13,15877.54981,15886.15039,15684,15774.40039,15774.40039,225500,-103.14942,0.526559048
2022-06-14,15674.25,15858,15659.4502,15732.09961,15732.09961,225400,57.84961,0.524752019
2022-06-15,15729.25,15783.65039,15678.90039,15692.15039,15692.15039,183000,-37.09961,0.522665844
2022-06-16,15832.25,15863.15039,15335.09961,15360.59961,15360.59961,264700,-471.65039,0.533371694
2022-06-17,15272.65039,15400.40039,15183.40039,15293.5,15293.5,342600,20.84961,0.520967907
2022-06-20,15334.5,15382.5,15191.09961,15350.15039,15350.15039,260000,15.65039,0.515756689
2022-06-21,15455.9502,15707.25,15419.84961,15638.79981,15638.79981,262800,182.84961,0.515046324
2022-06-22,15545.65039,15565.40039,15385.9502,15413.29981,15413.29981,220900,-132.35058,0.535578734
2022-06-23,15451.54981,15628.4502,15367.5,15556.65039,15556.65039,259200,105.10058,0.514986136
2022-06-24,15657.40039,15749.25,15619.4502,15699.25,15699.25,219600,41.84961,0.528036308
2022-06-27,15926.2002,15927.4502,15815.5,15832.04981,15832.04981,210900,-94.15039,0.516072304
2022-06-28,15757.4502,15892.09961,15710.15039,15850.2002,15850.2002,251900,92.75,0.525955828
2022-06-29,15701.7002,15861.59961,15687.79981,15799.09961,15799.09961,444900,97.39941,0.51907621
2022-06-30,15774.5,15890,15728.84961,15780.25,15780.25,306000,5.75,0.512966941
2022-07-01,15703.7002,15793.9502,15511.04981,15752.04981,15752.04981,364100,48.34961,0.514937839
2022-07-04,15710.5,15852.34961,15661.79981,15835.34961,15835.34961,304300,124.84961,0.503476542
2022-07-05,15909.15039,16025.75,15785.4502,15810.84961,15810.84961,254200,-98.30078,0.50651276
2022-07-06,15818.2002,16011.34961,15800.90039,15989.79981,15989.79981,288400,171.59961,0.504660297
2022-07-07,16113.75,16150.5,16045.9502,16132.90039,16132.90039,264600,19.15039,0.501999557
2022-07-08,16273.65039,16275.5,16157.90039,16220.59961,16220.59961,281100,-53.05078,0.500232516
2022-07-11,16136.15039,16248.54981,16115.5,16216,16216,255900,79.84961,0.495978295
2022-07-12,16126.2002,16158.75,16031.15039,16058.29981,16058.29981,208600,-67.90039,0.495913514
2022-07-13,16128.2002,16140,15950.15039,15966.65039,15966.65039,233300,-161.54981,0.492932548
2022-07-14,16018.84961,16070.84961,15858.2002,15938.65039,15938.65039,228600,-80.19922,0.490841266
2022-07-15,16010.79981,16066.9502,15927.29981,16049.2002,16049.2002,205800,38.40039,0.494705781
2022-07-18,16151.40039,16287.9502,16142.2002,16278.5,16278.5,227700,127.09961,0.486105208
2022-07-19,16187.04981,16359.5,16187.04981,16340.54981,16340.54981,222600,153.5,0.48654367
2022-07-20,16562.80078,16588,16490.94922,16520.84961,16520.84961,284400,-41.95117,0.488172456
2022-07-21,16523.55078,16626.94922,16483.90039,16605.25,16605.25,243600,81.69922,0.48421367
2022-07-22,16661.25,16752.25,16610.90039,16719.44922,16719.44922,190900,58.19922,0.48377062
2022-07-25,16662.55078,16706.05078,16564.25,16631,16631,211400,-31.55078,0.481572664
2022-07-26,16632.90039,16636.09961,16463.30078,16483.84961,16483.84961,208200,-149.05078,0.482003613
2022-07-27,16475.34961,16653.44922,16438.75,16641.80078,16641.80078,185200,166.45117,0.481988839
2022-07-28,16774.84961,16947.65039,16746.25,16929.59961,16929.59961,376300,154.75,0.481576883
2022-07-29,17079.5,17172.80078,17018.15039,17158.25,17158.25,436100,78.75,0.481790282
2022-08-01,17243.19922,17356.25,17154.80078,17340.05078,17340.05078,381500,96.85156,0.483312221
2022-08-02,17310.15039,17390.15039,17215.84961,17345.44922,17345.44922,333600,35.29883,0.483306758
2022-08-03,17349.25,17407.5,17225.84961,17388.15039,17388.15039,285400,38.90039,0.483945743
2022-08-04,17463.09961,17490.69922,17161.25,17382,17382,325000,-81.09961,0.48171244
2022-08-05,17423.65039,17474.40039,17348.75,17397.5,17397.5,355300,-26.15039,0.489515182
2022-08-08,17401.5,17548.80078,17359.75,17525.09961,17525.09961,257000,123.59961,0.492157085
2022-08-10,17566.09961,17566.09961,17442.80078,17534.75,17534.75,312700,-31.34961,0.496069617
2022-08-11,17711.65039,17719.30078,17631.94922,17659,17659,311200,-52.65039,0.500360995
2022-08-12,17659.65039,17724.65039,17597.84961,17698.15039,17698.15039,303900,38.5,0.497275617
2022-08-16,17797.19922,17839.09961,17764.05078,17825.25,17825.25,0,28.05078,0.502258336
2022-08-17,17868.15039,17965.94922,17833.34961,17944.25,17944.25,262800,76.09961,0.502085193
2022-08-18,17898.65039,17968.44922,17852.05078,17956.5,17956.5,263900,57.84961,0.500668098
2022-08-19,17966.55078,17992.19922,17710.75,17758.44922,17758.44922,295600,-208.10156,0.504083217
2022-08-22,17682.90039,17690.05078,17467.34961,17490.69922,17490.69922,287600,-192.20117,0.507746509
2022-08-23,17357.34961,17625.55078,17345.19922,17577.5,17577.5,285600,220.15039,0.50789928
2022-08-24,17525.44922,17623.65039,17499.25,17604.94922,17604.94922,262000,79.5,0.5106333
2022-08-25,17679,17726.5,17487.44922,17522.44922,17522.44922,230200,-156.55078,0.509356618
2022-08-26,17619.30078,17685.84961,17519.34961,17558.90039,17558.90039,266600,-60.40039,0.509664754
2022-08-29,17188.65039,17380.15039,17166.19922,17312.90039,17312.90039,244900,124.25,0.507643296
2022-08-30,17414.94922,17777.65039,17401.5,17759.30078,17759.30078,324700,344.35156,0.511911079
2022-09-01,17485.69922,17695.59961,17468.44922,17542.80078,17542.80078,308500,57.10156,0.506639688
2022-09-02,17598.40039,17643.84961,17476.44922,17539.44922,17539.44922,256300,-58.95117,0.507972287
2022-09-05,17546.44922,17683.15039,17540.34961,17665.80078,17665.80078,230300,119.35156,0.507315198
2022-09-06,17695.69922,17764.65039,17587.65039,17655.59961,17655.59961,251200,-40.09961,0.506198632
2022-09-07,17519.40039,17650.75,17484.30078,17624.40039,17624.40039,354100,105,0.506715427
2022-09-08,17748.15039,17807.65039,17691.94922,17798.75,17798.75,279800,50.59961,0.505684803
2022-09-09,17923.34961,17925.94922,17786,17833.34961,17833.34961,270300,-90,0.508982852
2022-09-12,17890.84961,17980.55078,17889.15039,17936.34961,17936.34961,228200,45.5,0.497441956
2022-09-13,18044.44922,18088.30078,18015.44922,18070.05078,18070.05078,259900,25.60156,0.497665215
2022-09-14,17771.15039,18091.55078,17771.15039,18003.75,18003.75,365900,232.59961,0.500891417
2022-09-15,18046.34961,18096.15039,17861.5,17877.40039,17877.40039,289600,-168.94922,0.500686646
2022-09-16,17796.80078,17820.05078,17497.25,17530.84961,17530.84961,468500,-265.95117,0.506712886
2022-09-19,17540.65039,17667.19922,17429.69922,17622.25,17622.25,258300,81.59961,0.511831882
2022-09-20,17770.40039,17919.30078,17744.40039,17816.25,17816.25,263100,45.84961,0.513047132
2022-09-21,17766.34961,17838.69922,17663.59961,17718.34961,17718.34961,245500,-48,0.511843999
2022-09-22,17609.65039,17722.75,17532.44922,17629.80078,17629.80078,284100,20.15039,0.51113302
2022-09-23,17593.84961,17642.15039,17291.65039,17327.34961,17327.34961,390800,-266.5,0.507179567
2022-09-26,17156.30078,17196.40039,16978.30078,17016.30078,17016.30078,492000,-140,0.514290595
2022-09-27,17110.90039,17176.44922,16942.34961,17007.40039,17007.40039,359900,-103.5,0.513659726
2022-09-28,16870.55078,17037.59961,16820.40039,16858.59961,16858.59961,323900,-11.95117,0.512479958
2022-09-29,16993.59961,17026.05078,16788.59961,16818.09961,16818.09961,340000,-175.5,0.513020769
2022-09-30,16798.05078,17187.09961,16747.69922,17094.34961,17094.34961,376100,296.29883,0.517170673
2022-10-03,17102.09961,17114.65039,16855.55078,16887.34961,16887.34961,278400,-214.75,0.515843862
2022-10-04,17147.44922,17287.30078,17117.30078,17274.30078,17274.30078,226000,126.85156,0.51811624
2022-10-06,17379.25,17428.80078,17315.65039,17331.80078,17331.80078,265500,-47.44922,0.508890807
2022-10-07,17287.19922,17337.34961,17216.94922,17314.65039,17314.65039,216300,27.45117,0.510053504
2022-10-10,17094.34961,17280.15039,17064.69922,17241,17241,234000,146.65039,0.505621639
2022-10-11,17256.05078,17261.80078,16950.30078,16983.55078,16983.55078,282600,-272.5,0.505643096
2022-10-12,17025.55078,17142.34961,16960.05078,17123.59961,17123.59961,256000,98.04883,0.505032493
2022-10-13,17087.34961,17112.34961,16956.94922,17014.34961,17014.34961,266400,-73,0.501075623
2022-10-14,17322.30078,17348.55078,17169.75,17185.69922,17185.69922,227000,-136.60156,0.500545398
2022-10-17,17144.80078,17328.55078,17098.55078,17311.80078,17311.80078,212200,167,0.493062484
2022-10-18,17438.75,17527.80078,17434.05078,17486.94922,17486.94922,239500,48.19922,0.492017304
2022-10-19,17568.15039,17607.59961,17472.84961,17512.25,17512.25,210500,-55.90039,0.495382392
2022-10-20,17423.09961,17584.15039,17421,17563.94922,17563.94922,249600,140.84961,0.494001706
2022-10-21,17622.84961,17670.15039,17520.75,17576.30078,17576.30078,277700,-46.54883,0.479116679
2022-10-24,17736.34961,17777.55078,17707.40039,17730.75,17730.75,45000,-5.59961,0.50387568
2022-10-25,17808.30078,17811.5,17637,17656.34961,17656.34961,251400,-151.95117,0.497218324
2022-10-27,17771.40039,17783.90039,17654.5,17736.94922,17736.94922,324600,-34.45117,0.49360758
2022-10-28,17756.40039,17838.90039,17723.69922,17786.80078,17786.80078,250000,30.40039,0.497228457
2022-10-31,17910.19922,18022.80078,17899.90039,18012.19922,18012.19922,227200,102,0.494343974
2022-11-01,18130.69922,18175.80078,18060.15039,18145.40039,18145.40039,349900,14.70117,0.489915334
2022-11-02,18177.90039,18178.75,18048.65039,18082.84961,18082.84961,270900,-95.05078,0.490053538
2022-11-03,17968.34961,18106.30078,17959.19922,18052.69922,18052.69922,213000,84.34961,0.487613081
2022-11-04,18053.40039,18135.09961,18017.15039,18117.15039,18117.15039,267900,63.75,0.487363489
2022-11-07,18211.75,18255.5,18064.75,18202.80078,18202.80078,314800,-8.94922,0.48982296
2022-11-09,18288.25,18296.40039,18117.5,18157,18157,307200,-131.25,0.490681
2022-11-10,18044.34961,18103.09961,17969.40039,18028.19922,18028.19922,256500,-16.15039,0.489894685
2022-11-11,18272.34961,18362.30078,18259.34961,18349.69922,18349.69922,378500,77.34961,0.488955164
2022-11-14,18376.40039,18399.44922,18311.40039,18329.15039,18329.15039,301400,-47.25,0.49543495
2022-11-15,18362.75,18427.94922,18282,18403.40039,18403.40039,250900,40.65039,0.490991544
2022-11-16,18398.25,18442.15039,18344.15039,18409.65039,18409.65039,219300,11.40039,0.489975909
2022-11-17,18358.69922,18417.59961,18312.94922,18343.90039,18343.90039,200500,-14.79883,0.491515499
2022-11-18,18382.94922,18394.59961,18209.80078,18307.65039,18307.65039,198800,-75.29883,0.491129964
2022-11-21,18246.40039,18262.30078,18133.34961,18159.94922,18159.94922,213800,-86.45117,0.490839392
2022-11-22,18179.15039,18261.84961,18137.69922,18244.19922,18244.19922,177700,65.04883,0.489181301
2022-11-23,18325.19922,18325.40039,18246,18267.25,18267.25,178800,-57.94922,0.489282575
2022-11-24,18326.09961,18529.69922,18294.25,18484.09961,18484.09961,204000,158,0.488825318
2022-11-25,18528.44922,18534.90039,18445.09961,18512.75,18512.75,205900,-15.69922,0.492884434
2022-11-28,18430.55078,18614.25,18365.59961,18562.75,18562.75,206500,132.19922,0.493801181
2022-11-29,18552.44922,18678.09961,18552.15039,18618.05078,18618.05078,195300,65.60156,0.49359874
2022-11-30,18625.69922,18816.05078,18616.55078,18758.34961,18758.34961,345600,132.65039,0.493878561
2022-12-01,18871.94922,18887.59961,18778.19922,18812.5,18812.5,325000,-59.44922,0.481494323
2022-12-02,18752.40039,18781.94922,18639.19922,18696.09961,18696.09961,254400,-56.30078,0.490962001
2022-12-05,18719.55078,18728.59961,18591.34961,18701.05078,18701.05078,288400,-18.5,0.486663502
2022-12-06,18600.65039,18654.90039,18577.90039,18642.75,18642.75,217800,42.09961,0.488866041
2022-12-07,18638.84961,18668.30078,18528.40039,18560.5,18560.5,200500,-78.34961,0.491670343
2022-12-08,18570.84961,18625,18536.94922,18609.34961,18609.34961,202800,38.5,0.4950053
2022-12-09,18662.40039,18664.69922,18410.09961,18496.59961,18496.59961,215800,-165.80078,0.494758799
2022-12-12,18402.15039,18521.55078,18345.69922,18497.15039,18497.15039,193900,95,0.488232068
2022-12-13,18524.40039,18617.25,18490.19922,18608,18608,187600,83.59961,0.493132451
2022-12-14,18671.25,18696.09961,18632.90039,18660.30078,18660.30078,208000,-10.94922,0.492090549
2022-12-15,18614.40039,18652.90039,18387.69922,18414.90039,18414.90039,183100,-199.5,0.493998419
2022-12-16,18319.09961,18440.94922,18255.15039,18269,18269,277700,-50.09961,0.498653022
2022-12-19,18288.09961,18431.65039,18244.55078,18420.44922,18420.44922,154800,132.34961,0.495549848
2022-12-20,18340.30078,18404.90039,18202.65039,18385.30078,18385.30078,169000,45,0.492713153
2022-12-21,18435.15039,18473.34961,18162.75,18199.09961,18199.09961,187600,-236.05078,0.490294127
2022-12-22,18288.80078,18318.75,18068.59961,18127.34961,18127.34961,195700,-161.45117,0.492427886
2022-12-23,17977.65039,18050.44922,17779.5,17806.80078,17806.80078,221500,-170.84961,0.4961352
2022-12-26,17830.40039,18084.09961,17774.25,18014.59961,18014.59961,176700,184.19922,0.496657556
2022-12-27,18089.80078,18149.25,17967.44922,18132.30078,18132.30078,214300,42.5,0.49915903
2022-12-28,18084.75,18173.09961,18068.34961,18122.5,18122.5,193900,37.75,0.484812385
2022-12-29,18045.69922,18229.69922,17992.80078,18191,18191,281100,145.30078,0.498394539
2022-12-30,18259.09961,18265.25,18080.30078,18105.30078,18105.30078,192000,-153.79883,0.498975883
2023-01-02,18131.69922,18215.15039,18086.5,18197.44922,18197.44922,256100,65.75,0.500179337
2023-01-03,18163.19922,18251.94922,18149.80078,18232.55078,18232.55078,208700,69.35156,0.497214462
2023-01-04,18230.65039,18243,18020.59961,18042.94922,18042.94922,235200,-187.70117,0.496214041
2023-01-05,18101.94922,18120.30078,17892.59961,17992.15039,17992.15039,269900,-109.79883,0.498324533
2023-01-06,18008.05078,18047.40039,17795.55078,17859.44922,17859.44922,238200,-148.60156,0.505903465
2023-01-09,17952.55078,18141.40039,17936.15039,18101.19922,18101.19922,257200,148.64844,0.496161685
2023-01-10,18121.30078,18127.59961,17856,17914.15039,17914.15039,283300,-207.15039,0.50099111
2023-01-11,17924.25,17976.34961,17824.34961,17895.69922,17895.69922,259900,-28.55078,0.505090794
2023-01-12,17920.84961,17945.80078,17761.65039,17858.19922,17858.19922,227800,-62.65039,0.500731501
2023-01-13,17867.5,17999.34961,17774.25,17956.59961,17956.59961,256700,89.09961,0.506007309
2023-01-16,18033.15039,18049.65039,17853.65039,17894.84961,17894.84961,206200,-138.30078,0.49837105
2023-01-17,17922.80078,18072.05078,17886.94922,18053.30078,18053.30078,219100,130.5,0.499451634
2023-01-18,18074.30078,18183.75,18032.44922,18165.34961,18165.34961,255800,91.04883,0.499215532
2023-01-19,18119.80078,18155.19922,18063.75,18107.84961,18107.84961,237800,-11.95117,0.50245209
2023-01-20,18115.59961,18145.44922,18016.19922,18027.65039,18027.65039,237200,-87.94922,0.508559396
2023-01-23,18118.44922,18162.59961,18063.44922,18118.55078,18118.55078,202500,0.10156,0.510404052
2023-01-24,18183.94922,18201.25,18078.65039,18118.30078,18118.30078,216900,-65.64844,0.510836628
2023-01-25,18093.34961,18100.59961,17846.15039,17891.94922,17891.94922,257200,-201.40039,0.513455148
2023-01-27,17877.19922,17884.75,17493.55078,17604.34961,17604.34961,476300,-272.84961,0.513313301
2023-01-30,17541.94922,17709.15039,17405.55078,17648.94922,17648.94922,432400,107,0.511910488
